0,1,2
dsgdb9nsd_121896,COCCC([NH3+])C(=O)[O-],COCCC(N)C(=O)O
dsgdb9nsd_060635,[NH3+]C1CC1C(O)C(=O)[O-],NC1CC1C(O)C(=O)O
dsgdb9nsd_098239,CNC(=O)C([NH3+])C(=O)[O-],CNC(=O)C(N)C(=O)O
dsgdb9nsd_005598,[NH3+]Cc1ccoc1[O-],NCc1ccoc1O
dsgdb9nsd_102795,N=COC(C[NH3+])C(=O)[O-],NCC1OC(N)OC1=O
dsgdb9nsd_060429,CC(C)[NH2+]CCC(=O)[O-],CC(C)NCCC(=O)O
dsgdb9nsd_022265,CC(=N[O-])C1(O)C[NH2+]C1,CC(=[NH+][O-])C1(O)CNC1
dsgdb9nsd_006792,[NH3+]CCOCC(=O)[O-],NCCOCC(=O)O
dsgdb9nsd_086827,[NH3+]C1CC(CC(=O)[O-])C1,NC1CC(CC(=O)O)C1
dsgdb9nsd_127895,CN=c1nnoc(O)n1,CN=C=NC(=O)O.N#N
dsgdb9nsd_113165,CCC1CC1([NH3+])C(=O)[O-],CCC1CC1(N)C(=O)O
dsgdb9nsd_054179,CC1(C(=O)[O-])CN1C=[NH2+],CC12CN1C(N)OC2=O
dsgdb9nsd_101926,C[NH2+]C(C(=O)[O-])C1CN1,CNC(C(=O)O)C1CN1
dsgdb9nsd_037993,C1=C2CC3N=C1N1C2C31,C=C1C=C2N=CC3C1N23
dsgdb9nsd_130402,N#Cc1[n-]nnc1C[NH3+],N#Cc1nn[nH]c1CN
dsgdb9nsd_100733,CC[NH+](C)C(C)C(=O)[O-],CCN(C)C(C)C(=O)O
dsgdb9nsd_074234,Cc1c[c-](C#N)c(=[NH2+])[nH]1,Cc1cc(C#N)c(N)[nH]1
dsgdb9nsd_130339,[NH3+][c-]1ccc2nonc21,[NH3+]c1c[cH-]c2nonc12
dsgdb9nsd_005631,[NH3+]Cc1cocc1[O-],NCc1cocc1O
dsgdb9nsd_021857,N=c1cc(O)onn1,N#N.N=C=CC(=O)O
dsgdb9nsd_006401,CC[NH+](C)CC(=O)[O-],CCN(C)CC(=O)O
dsgdb9nsd_007576,O=C([O-])C1(O)C[NH2+]C1,O=C(O)C1(O)CNC1
dsgdb9nsd_126351,CCc1nc(=N)nno1,CCC(=O)N=C=N.N#N
dsgdb9nsd_117428,C[NH2+]CC(=O)[N-]CC#N,CNCC(O)=NCC#N
dsgdb9nsd_053980,CC(C)(NC=[NH2+])C(=O)[O-],CC(C)(N=CN)C(=O)O
dsgdb9nsd_093937,C[NH+]1CCC(C(=O)[O-])C1,CN1CCC(C(=O)O)C1
dsgdb9nsd_098940,N#CC(=N)[N-]C(=O)C[NH3+],N#CC(=N)N=C(O)CN
dsgdb9nsd_055349,[NH2+]=CN1CCC1C(=O)[O-],NC1OC(=O)C2CCN12
dsgdb9nsd_007566,CC1(C(=O)[O-])CC[NH2+]1,CC1(C(=O)O)CCN1
dsgdb9nsd_094163,CC1(C(=O)[O-])OCC1[NH3+],CC1(C(=O)O)OCC1N
dsgdb9nsd_129868,Nc1cc2nnoc2o1,N#[N+]c1cc(N)oc1[O-]
dsgdb9nsd_115031,N#C[C-]1N=COC1C[NH3+],N#CC1N=COC1CN
dsgdb9nsd_054540,O=C([O-])C12C[NH2+]CC1O2,O=C(O)C12CNCC1O2
dsgdb9nsd_105183,CC1CC1(C[NH3+])C(=O)[O-],CC1CC1(CN)C(=O)O
dsgdb9nsd_041216,C1CC23NC4(COC24)C13,N=C1CCC=C2COC12
dsgdb9nsd_025862,NC(=[NH2+])c1coc(=O)[n-]1,NC(N)=C(C=O)N=C=O
dsgdb9nsd_098147,CNC(=[NH2+])[C-](C#N)C#N,CNC(N)=C(C#N)C#N
dsgdb9nsd_058280,CC(C)[NH+](C)CC(=O)[O-],CC(C)N(C)CC(=O)O
dsgdb9nsd_123127,[NH3+]CCCOCC(=O)[O-],NCCCOCC(=O)O
dsgdb9nsd_055775,O=C([O-])CC12CC1C[NH2+]2,O=C(O)CC12CC1CN2
dsgdb9nsd_129963,Nc1nc(=[NH2+])[n-]nc1O,Nc1nnc(O)c(N)n1
dsgdb9nsd_086329,CN1CC([NH3+])C1C(=O)[O-],CN1CC(N)C1C(=O)O
dsgdb9nsd_007448,CC([NH3+])C(N)C(=O)[O-],CC(N)C(N)C(=O)O
dsgdb9nsd_001126,CC([NH3+])CC(=O)[O-],CC(N)CC(=O)O
dsgdb9nsd_102160,N#CCC(C[NH3+])C(=O)[O-],N#CCC(CN)C(=O)O
dsgdb9nsd_099735,NC(=O)C(C[NH3+])C(=O)[O-],NCC(C(N)=O)C(=O)O
dsgdb9nsd_056278,O=C([O-])CC[NH2+]C1CC1,O=C(O)CCNC1CC1
dsgdb9nsd_054153,CC1(O)CC1([NH3+])C(=O)[O-],CC1(O)CC1(N)C(=O)O
dsgdb9nsd_095989,C[NH+]1CCCC1C(=O)[O-],CN1CCCC1C(=O)O
dsgdb9nsd_133847,CC12C3=CC4OC3C1C42,CC12C3[C]C4OC3C1C42
dsgdb9nsd_128052,CNC(=[NH2+])c1cnn[n-]1,CNC(N)=C1C=NN=N1
dsgdb9nsd_093324,N#CC1C(=O)[N-]CC1[NH3+],N.N#CC=CCN=C=O
dsgdb9nsd_095995,[NH3+]C1COCC1C(=O)[O-],NC1COCC1C(=O)O
dsgdb9nsd_104586,CCC1(CC(=O)[O-])C[NH2+]1,CCC1(CC(=O)O)CN1
dsgdb9nsd_130441,[NH3+]Cc1n[n-]nnc1=O,NCC1=C([O-])N=[N+]=NN1
dsgdb9nsd_061297,N#CCC([NH3+])CC(=O)[O-],N#CCC(N)CC(=O)O
dsgdb9nsd_066496,CC12C3C=C4CC3N1C42,CC1=NC2CC3=CC3C12
dsgdb9nsd_053958,CC([NH3+])(C(=O)[O-])C1CN1,CC(N)(C(=O)O)C1CN1
dsgdb9nsd_013518,CC1[NH2+]CC1C(=O)[O-],CC1NCC1C(=O)O
dsgdb9nsd_006406,[NH3+]C(CO)CC(=O)[O-],NC(CO)CC(=O)O
dsgdb9nsd_055693,CC1(CC(=O)[O-])C[NH2+]C1,CC1(CN)COC(=O)C1
dsgdb9nsd_129106,N=C1Cc2nnoc2N1,N#[N+]C1=C([O-])NC(=N)C1
dsgdb9nsd_102634,[NH3+]CC(CO)CC(=O)[O-],[NH3+][CH-]C(CO)CC(=O)O
dsgdb9nsd_113915,[NH3+]CC1CN1CC(=O)[O-],NCC1CN1CC(=O)O
dsgdb9nsd_093986,CC1C[NH2+][C-](C=O)C1=O,CC1C[NH2+]C(C=O)=C1[O-]
dsgdb9nsd_041219,C1CC23OC4(COC24)C13,O=C1CCC=C2COC12
dsgdb9nsd_133828,CC12C3C=C4C(C3)C1C42,CC12C3CC4[C]C3C1C42
dsgdb9nsd_133823,CC12C3=CC4C(=C3)C1N42,CC12C3N1C1C4C5C13C452
dsgdb9nsd_115684,C[NH2+]C1CCC1C(=O)[O-],CNC1CCC1C(=O)O
dsgdb9nsd_118192,CCC[NH+](C)CC(=O)[O-],CCCN(C)CC(=O)O
dsgdb9nsd_128171,CNc1nnoc1OC,CNC([N+]#N)=C([O-])OC
dsgdb9nsd_119135,[NH3+]CCC1(C(=O)[O-])CN1,NCCC1(C(=O)O)CN1
dsgdb9nsd_059976,C[NH+](C)CC(N)C(=O)[O-],CN(C)CC(N)C(=O)O
dsgdb9nsd_120704,CC[NH2+]C1CC1C(=O)[O-],CCNC1CC1C(=O)O
dsgdb9nsd_085780,CN1CC(C(=O)[O-])C1=[NH2+],CN1CC=C1N.O=C=O
dsgdb9nsd_005599,[NH3+]Cc1ncoc1[O-],C=C1N=COC1=O.N
dsgdb9nsd_123128,NCC[NH2+]CCC(=O)[O-],NCCNCCC(=O)O
dsgdb9nsd_021725,[NH3+]Cc1n[n-]c(=O)o1,C=C1N=NC(=O)O1.N
dsgdb9nsd_081201,CC1C2OC13CC(=O)C23,CC1C=CC(=O)CC1=O
dsgdb9nsd_131514,OC1CCc2onnc21,N#[N+]C1=C([O-])CCC1O
dsgdb9nsd_031125,Cc1coc([O-])c1C[NH3+],Cc1coc(O)c1CN
dsgdb9nsd_006773,CCC[NH2+]CC(=O)[O-],CCCNCC(=O)O
dsgdb9nsd_055478,O=C([O-])C1CNCC[NH2+]1,O=C(O)C1CNCCN1
dsgdb9nsd_013912,NC1C([NH3+])C1C(=O)[O-],NC1C(N)C1C(=O)O
dsgdb9nsd_053740,[NH3+]C1(C#CC(=O)[O-])CC1,NC1(C#CC(=O)O)CC1
dsgdb9nsd_117295,CCNC(=[NH2+])CC(=O)[O-],C=C(N)NCC.O=C=O
dsgdb9nsd_095981,CC1C[NH2+]CC1C(=O)[O-],CC1CNCC1C(=O)O
dsgdb9nsd_056050,O=C([O-])C[NH+]=C1CCN1,O=C(O)CN=C1CCN1
dsgdb9nsd_130346,NC1COc2onnc21,N#[N+]C1=C([O-])OCC1N
dsgdb9nsd_083412,NC1C2C[NH2+]C12C(=O)[O-],NC1C2CNC12C(=O)O
dsgdb9nsd_132136,O=c1ncc(F)c(O)o1,O=C=NC=C(F)C(=O)O
dsgdb9nsd_068731,N#CC12CC1(N)C1OC12,N#CC1=COC=C(N)C1
dsgdb9nsd_130406,[NH3+]Cc1onc(O)c1[O-],C=C1ON=C(O)C1=O.N
dsgdb9nsd_123965,C1=NCc2nnoc2N1,N#[N+]C1=C([O-])NC=NC1
dsgdb9nsd_100727,CCC([NH3+])C(O)C(=O)[O-],CCC(N)C(O)C(=O)O
dsgdb9nsd_013528,NC1C[NH2+]C1C(=O)[O-],NC1CNC1C(=O)O
dsgdb9nsd_020560,CC([NH3+])c1cnn[n-]1,CC(N)c1cnn[nH]1
dsgdb9nsd_099740,CC(O)C(C[NH3+])C(=O)[O-],CC(O)C(CN)C(=O)O
dsgdb9nsd_130450,N=c1[n-]nc(CC[NH3+])o1,[NH-]c1n[nH]c(CCN)[o+]1
dsgdb9nsd_004871,[NH3+]Cc1ccc([O-])o1,C=C1C=CC(=O)O1.N
dsgdb9nsd_130669,N#Cc1nonnc1=O,N#CC(=C=O)N=O.N#N
dsgdb9nsd_030902,Nc1cc([O-])oc1C[NH3+],C=C1OC(=O)C=C1N.N
dsgdb9nsd_099836,C#CC([NH3+])(CO)C(=O)[O-],C#CC(N)(CO)C(=O)O
dsgdb9nsd_123272,C1C2OC3C4NC13C4O2,C1=COC2CC(=CO2)N1
dsgdb9nsd_131696,N=c1nnoc(CO)n1,N#N.N=C=NC(=O)CO
dsgdb9nsd_099748,CCC(C(=O)[O-])[NH+](C)C,CCC(C(=O)O)N(C)C
dsgdb9nsd_074129,Cc1cc(=O)[cH-]c(=[NH2+])[nH]1,Cc1cc(=O)cc(N)[nH]1
dsgdb9nsd_118445,C[NH2+]C(COC)C(=O)[O-],CNC(COC)C(=O)O
dsgdb9nsd_061575,[NH3+]C(CN1CC1)C(=O)[O-],NC(CN1CC1)C(=O)O
dsgdb9nsd_100745,[NH3+]C(CO)C(O)C(=O)[O-],NC(CO)C(O)C(=O)O
dsgdb9nsd_041212,C1CC23CC4(CCN24)C13,C1=C2CCN=C(CC1)C2
dsgdb9nsd_076672,NC1C([NH3+])C1CC(=O)[O-],NC1C(N)C1CC(=O)O
dsgdb9nsd_054997,O=C([O-])C1OC12C[NH2+]C2,NCC12COC(=O)C1O2
dsgdb9nsd_053954,CC(C)(C(=O)[O-])C1C[NH2+]1,CC(C)=CCN.O=C=O
dsgdb9nsd_022681,O=CC(CC1C[NH2+]1)=N[O-],O=[NH+]C(=C[O-])CC1CN1
dsgdb9nsd_014318,O=C1C=C2CC[NH+]2[CH-]1,[O-]C1=C[NH+]2CCC2=C1
dsgdb9nsd_118214,[NH3+]CCC(O)CC(=O)[O-],NCCC(O)CC(=O)O
dsgdb9nsd_013798,C[NH2+]C1CC1C(=O)[O-],CNC1CC1C(=O)O
dsgdb9nsd_099689,CC#CC(C[NH3+])C(=O)[O-],CC#CC(CN)C(=O)O
dsgdb9nsd_103820,[NH3+]C1(CO)CC1C(=O)[O-],NC1(CO)CC1C(=O)O
dsgdb9nsd_054603,O=C([O-])C12C[NH2+]C1CN2,O=C(O)C12CNC1CN2
dsgdb9nsd_130588,O=C1C=Cc2onnc21,N#[N+]C1=C([O-])C=CC1=O
dsgdb9nsd_006742,CNC=[NH+]CC(=O)[O-],CNC=NCC(=O)O
dsgdb9nsd_124464,CC(C)([NH3+])c1ncn[n-]1,CC(C)(N)c1nnc[nH]1
dsgdb9nsd_054515,O=C([O-])C12CC1NC=[NH+]2,O=C(O)C12CC1NC=N2
dsgdb9nsd_033116,[NH3+]CCc1coc([O-])n1,NCCc1coc(=O)[nH]1
dsgdb9nsd_006493,CC1(CC(=O)[O-])C[NH2+]1,CC1(CC(=O)O)CN1
dsgdb9nsd_001642,C[NH+]=C(N)C(=O)[O-],CNC(=[NH2+])C(=O)[O-]
dsgdb9nsd_056567,C#CC(O)C([NH3+])C(=O)[O-],C#CC(O)C(N)C(=O)O
dsgdb9nsd_006093,CC(C)[NH2+]CC(=O)[O-],CC(C)NCC(=O)O
dsgdb9nsd_054213,CC1(C(=O)[O-])C[NH+]=CN1,CC1(C(=O)O)CNC=N1
dsgdb9nsd_021859,O=c1cc(O)onn1,N#N.O=C=CC(=O)O
dsgdb9nsd_054275,[NH3+]C1(C(=O)[O-])CCOC1,NC1(C(=O)O)CCOC1
dsgdb9nsd_061996,C#CC(C)[NH2+]CC(=O)[O-],C#CC(C)NCC(=O)O
dsgdb9nsd_130405,[NH3+]Cc1[nH]nc(O)c1[O-],NCc1[nH]nc(O)c1O
dsgdb9nsd_104556,N#CC1(C[NH3+])CC(=O)[N-]1,N#CC1(CN)CC(=O)N1
dsgdb9nsd_022230,C[NH2+]CC(=N[O-])C(C)=O,CNCC(N=O)=C(C)O
dsgdb9nsd_056237,NC(=[NH2+])CCCC(=O)[O-],N=C(N)CCCC(=O)O
dsgdb9nsd_119134,[NH3+]CCC1(C(=O)[O-])CC1,NCCC1(C(=O)O)CC1
dsgdb9nsd_091530,[NH3+]C1CC2NC12C(=O)[O-],NC1CC2NC12C(=O)O
dsgdb9nsd_130470,c1ncc2nnocc1-2,N#[N+]C1=CN=CC1=C[O-]
dsgdb9nsd_001675,CCC([NH3+])C(=O)[O-],CCC(N)C(=O)O
dsgdb9nsd_054885,NC(=[NH2+])[c-]1ncoc1=O,NC(N)=C1N=COC1=O
dsgdb9nsd_061912,C#CCCC([NH3+])C(=O)[O-],C#CCCC(N)C(=O)O
dsgdb9nsd_004322,[NH2+]=c1cc([O-])cc[nH]1,Nc1cc(=O)cc[nH]1
dsgdb9nsd_007617,NC1(C(=O)[O-])CC1[NH3+],NC1CC1(N)C(=O)O
dsgdb9nsd_001684,[NH3+]C(CO)C(=O)[O-],NC(CO)C(=O)O
dsgdb9nsd_054335,[NH2+]=CNC1(C(=O)[O-])CC1,NC1NC2(CC2)C(=O)O1
dsgdb9nsd_025829,Nc1c[nH+]c(C(=O)[O-])[nH]1,Nc1c[nH][c-][nH+]1.O=C=O
dsgdb9nsd_055337,C#CC1C[NH2+]C1C(=O)[O-],C#CC1CNC1C(=O)O
dsgdb9nsd_036999,C1=C2C3C4C2C2C1N2C34,C1=CC2N=CC3C=C1C32
dsgdb9nsd_067239,O=C[C-]1C2[NH2+]C3C1C23O,NC1C2C(C=O)=CC12O
dsgdb9nsd_056241,NC(=[NH2+])OCCC(=O)[O-],C=C.NC(N)=O.O=C=O
dsgdb9nsd_130411,[NH3+]Cc1cc(=O)nn[n-]1,NCc1cc(=O)nn[nH]1
dsgdb9nsd_115701,[NH3+]CC1OCC1C(=O)[O-],NCC1OCC1C(=O)O
dsgdb9nsd_129994,NC1=[NH+]c2[n-]ncc2C1,N[C-]1CC2=C(N=[N+]=C2)N1
dsgdb9nsd_058098,C[NH+](C)C(C)(C)C(=O)[O-],CN(C)C(C)(C)C(=O)O
dsgdb9nsd_094175,CC1[NH2+]CC1(O)C(=O)[O-],CC1NCC1(O)C(=O)O
dsgdb9nsd_053820,[NH2+]=C(C(=O)[O-])N1CCC1,NC(C(=O)[O-])=[N+]1CCC1
dsgdb9nsd_006062,NC(N)=[NH+]CC(=O)[O-],NC(N)=NCC(=O)O
dsgdb9nsd_055408,CC(=O)[C-]1C[NH2+]CC1=O,CC(=O)C1=C([O-])C[NH2+]C1
dsgdb9nsd_100739,COC(C)C([NH3+])C(=O)[O-],COC(C)C(N)C(=O)O
dsgdb9nsd_126166,CCC([NH3+])c1ncn[n-]1,CCC(N)c1ncn[nH]1
dsgdb9nsd_105485,CCC1(C(=O)[O-])CC[NH2+]1,CCC1(C(=O)O)CCN1
dsgdb9nsd_006063,CC(=[NH2+])NCC(=O)[O-],CC(N)=NCC(=O)O
dsgdb9nsd_030540,NC=[NH+]c1cnc(O)[n-]1,N[CH-]NC1=NC(=[OH+])N=C1
dsgdb9nsd_086817,CC1C[NH+](CC(=O)[O-])C1,CC1CN(CC(=O)O)C1
dsgdb9nsd_006314,C#CC([NH3+])CC(=O)[O-],C#CC(N)CC(=O)O
dsgdb9nsd_109749,C[NH2+]C1C(N)C1C(=O)[O-],CNC1C(N)C1C(=O)O
dsgdb9nsd_074313,N=c1[nH]c(N)[nH+][c-]1C=O,N=C1[NH+]=C(N)NC1=C[O-]
dsgdb9nsd_027790,Cc1cc(N)nc(=[NH2+])[n-]1,Cc1cc(N)nc(N)n1
dsgdb9nsd_054387,[NH3+]C12CC(C(=O)[O-])(C1)C2,C1C23CC12C3.N.O=C=O
dsgdb9nsd_058612,CC([NH3+])C1(C(=O)[O-])CC1,CC(N)C1(C(=O)O)CC1
dsgdb9nsd_075170,NC1=[NH+]C[C-](C=O)C1=O,NC1=[NH+]CC(C=O)=C1[O-]
dsgdb9nsd_091524,C[NH+]1CC2CC21C(=O)[O-],CN1CC2CC21C(=O)O
dsgdb9nsd_041211,C1CC23CC4(CCC24)C13,C1=C2CCC=C(CC1)C2
dsgdb9nsd_058291,CC(O)C([NH3+])CC(=O)[O-],CC(O)C(N)CC(=O)O
dsgdb9nsd_085956,CC1CC(C)(C(=O)[O-])[NH2+]1,CC1CC(C)(C(=O)O)N1
dsgdb9nsd_096679,C[NH+]=C(N)OCC(=O)[O-],CNC(N)=[O+]CC(=O)[O-]
dsgdb9nsd_054296,NC(=[NH2+])C1(C(=O)[O-])CN1,NC(N)=C1CN1.O=C=O
dsgdb9nsd_132329,O=c1nc(F)cc(F)o1,O=C=NC(F)=CC(=O)F
dsgdb9nsd_053769,[NH2+]=CNCC#CC(=O)[O-],NC=NCC#CC(=O)O
dsgdb9nsd_033115,[NH3+]CCc1coc([O-])c1,NCCC1=COC(=O)C1
dsgdb9nsd_092968,CC1NC=[NH+]C1C(=O)[O-],CC1NC=NC1C(=O)O
dsgdb9nsd_102625,CC[NH+](CC)CC(=O)[O-],CCN(CC)CC(=O)O
dsgdb9nsd_031110,Nc1nc(C[NH3+])c([O-])o1,C=C1N=C(N)OC1=O.N
dsgdb9nsd_062104,N=COCC([NH3+])C(=O)[O-],N=COCC(N)C(=O)O
dsgdb9nsd_055209,NC(=[NH2+])[c-]1[nH]ccc1=O,NC(N)=C1NC=CC1=O
dsgdb9nsd_129400,NC(=[NH2+])Cc1nn[n-]n1,N=C(N)Cc1nnn[nH]1
dsgdb9nsd_125793,Cc1noc2onnc12,Cc1noc([O-])c1[N+]#N
dsgdb9nsd_061439,NC(=O)CC([NH3+])C(=O)[O-],NC(=O)CC(N)C(=O)O
dsgdb9nsd_055133,[NH3+]C12CC1OC2C(=O)[O-],NC12CC1OC2C(=O)O
dsgdb9nsd_023365,NC(=[NH2+])C(=N[O-])C1CO1,NC(N)=C(N=O)C1CO1
dsgdb9nsd_094159,CC1(C(=O)[O-])CCC1[NH3+],CC1(C(=O)O)CCC1N
dsgdb9nsd_102610,CCC(CC(=O)[O-])[NH2+]C,CCC(CC(=O)O)NC
dsgdb9nsd_030713,Cc1coc(C[NH3+])c1[O-],C=C1OC=C(C)C1=O.N
dsgdb9nsd_129182,N=C1NCc2onnc21,N#[N+]C1=C([O-])CNC1=N
dsgdb9nsd_108756,C[c-]1oc(=O)cc1C[NH3+],CC1=C(CN)CC(=O)O1
dsgdb9nsd_131974,Nc1onnc1[N+](=O)[O-],N#[N+]C(C(N)=O)=[N+]([O-])[O-]
dsgdb9nsd_087178,CC1(CC(=O)[O-])CC1[NH3+],CC1(CC(=O)O)CC1N
dsgdb9nsd_057223,[NH3+]C1(C(O)C(=O)[O-])CC1,NC1(C(O)C(=O)O)CC1
dsgdb9nsd_054996,O=C([O-])C1NC12C[NH2+]C2,NCC12COC(=O)C1N2
dsgdb9nsd_097368,NC=[NH+]CC(O)C(=O)[O-],NC1NCC(O)C(=O)O1
dsgdb9nsd_097455,C[NH+]=CNCCC(=O)[O-],CN[C-]=[NH+]CCC(=O)O
dsgdb9nsd_055202,NC1=[NH+]CC(C(=O)[O-])C1,NC12CC(CN1)C(=O)O2
dsgdb9nsd_102778,CCC(NC=[NH2+])C(=O)[O-],CCC1NC(N)OC1=O
dsgdb9nsd_118437,CC[NH2+]C(CC)C(=O)[O-],CCNC(CC)C(=O)O
dsgdb9nsd_129150,N=c1nnocc1C=O,N#N.N=C=C(C=O)C=O
dsgdb9nsd_053944,CC(O)(C(N)=[NH2+])C(=O)[O-],CC(O)=C(N)N.O=C=O
dsgdb9nsd_021875,O=c1nnoc(O)n1,N#N.O=C=NC(=O)O
dsgdb9nsd_123908,C1CNc2onnc2N1,N#[N+]C1=C([O-])NCCN1
dsgdb9nsd_086571,CC1CC(C(=O)[O-])C1[NH3+],CC1CC(C(=O)O)C1N
dsgdb9nsd_132328,O=c1nc(F)cc(O)o1,O=C=NC(F)=CC(=O)O
dsgdb9nsd_096613,C[NH+]=C(N)C#CC(=O)[O-],CNC(=[NH2+])C#CC(=O)[O-]
dsgdb9nsd_115680,CCC1[NH2+]CC1C(=O)[O-],CCC1NCC1C(=O)O
dsgdb9nsd_126347,CCc1connc1=O,CCC(=C=O)C=O.N#N
dsgdb9nsd_113183,[NH3+]C1(C(=O)[O-])CC1CO,NC1(C(=O)O)CC1CO
dsgdb9nsd_097568,CCC#CC([NH3+])C(=O)[O-],CCC#CC(N)C(=O)O
dsgdb9nsd_056279,O=C([O-])C[NH2+]CC1CC1,O=C(O)CNCC1CC1
dsgdb9nsd_128183,CNc1cc(=N)nno1,CNC(=O)C=C=N.N#N
dsgdb9nsd_102268,N#CC(C[NH3+])CC(=O)[O-],N#CC(CN)CC(=O)O
dsgdb9nsd_007441,CC(C)C([NH3+])C(=O)[O-],CC(C)C(N)C(=O)O
dsgdb9nsd_007417,NC(=[NH2+])C(O)C(=O)[O-],NC(N)=CO.O=C=O
dsgdb9nsd_039183,C1CC2C3NC24C1OC34,C1=CNC2=COC2CC1
dsgdb9nsd_105206,C[NH2+]C1(C(=O)[O-])CC1C,CNC1(C(=O)O)CC1C
dsgdb9nsd_029188,Cc1c[nH]c(=[NH2+])cc1[O-],Cc1c[nH]c(N)cc1=O
dsgdb9nsd_129417,NC(=[NH2+])Oc1cnn[n-]1,N=C(N)Oc1cnn[nH]1
dsgdb9nsd_131694,O=c1nnocc1CO,N#N.O=C=C(C=O)CO
dsgdb9nsd_055449,O=C([O-])C1CCNC=[NH+]1,O=C(O)C1CCNC=N1
dsgdb9nsd_103816,C[NH2+]C1(C)CC1C(=O)[O-],CNC1(C)CC1C(=O)O
dsgdb9nsd_062084,CC(CNC=[NH2+])C(=O)[O-],CC(CN[C-]=[NH2+])C(=O)O
dsgdb9nsd_108891,N#C[C-]1COC(C[NH3+])=N1,C=C1N=C(C#N)CO1.N
dsgdb9nsd_100726,CCC([NH3+])C(N)C(=O)[O-],CCC(N)C(N)C(=O)O
dsgdb9nsd_046611,O=c1[cH-][nH]c2c1C[NH2+]C2,[O-]c1c[nH]c2c1C[NH2+]C2
dsgdb9nsd_121883,CC[NH2+]CC(N)C(=O)[O-],CCNCC(N)C(=O)O
dsgdb9nsd_118200,C[NH2+]CC(C)CC(=O)[O-],CNCC(C)CC(=O)O
dsgdb9nsd_025759,NC(=[NH2+])c1ncoc1[O-],NC(N)=C1N=COC1=O
dsgdb9nsd_100451,C[NH2+]C(C)C#CC(=O)[O-],CNC(C)C#CC(=O)O
dsgdb9nsd_029943,Cn1ccc([O-])cc1=[NH2+],Cn1ccc(=O)cc1N
dsgdb9nsd_131555,OC1COc2onnc21,N#[N+]C1=C([O-])OCC1O
dsgdb9nsd_130404,Nc1noc(C[NH3+])c1[O-],C=C1ON=C(N)C1=O.N
dsgdb9nsd_128394,CNC=[NH+]c1cnn[n-]1,CN[CH-]NC1=CN=[N+]=N1
dsgdb9nsd_056072,[NH2+]=CNC=NCC(=O)[O-],C=N[CH-]NC=[NH2+].O=C=O
dsgdb9nsd_049481,O=C[C-]1C(=O)C2CC1[NH2+]2,NC1CC=C(C=O)C1=O
dsgdb9nsd_039177,C1OC2C3OC24C1CC34,O=C1C2C=COCC1C2
dsgdb9nsd_056246,NC(=O)C[NH2+]CC(=O)[O-],NC(=O)CNCC(=O)O
dsgdb9nsd_125630,Cc1n[n-]c([NH+]=CN)n1,Cc1nnc(NC=[NH2+])[n-]1
dsgdb9nsd_130747,O=C1OCc2onnc21,N#[N+]C1=C([O-])COC1=O
dsgdb9nsd_092972,C[NH+]1CC=CC1C(=O)[O-],CN1CC=CC1C(=O)O
dsgdb9nsd_032964,[NH3+]CCc1ccc([O-])o1,NCCC(O)=CC=C=O
dsgdb9nsd_021567,Nc1cc(=O)nno1,N#N.NC(=O)C=C=O
dsgdb9nsd_100709,CC(C[NH3+])C(C)C(=O)[O-],CC(CN)C(C)C(=O)O
dsgdb9nsd_027870,N=c1nc(O)nc(O)o1,N=C=NC(O)=NC(=O)O
dsgdb9nsd_022492,[NH2+]=CNCC(CO)=N[O-],NC1NCC(CO)=NO1
dsgdb9nsd_003891,[NH3+]Cc1nn[n-]n1,NCc1nnn[nH]1
dsgdb9nsd_055042,O=C([O-])C1CC1C1C[NH2+]1,NCC1OC(=O)C2CC12
dsgdb9nsd_097363,CC(C[NH+]=CN)C(=O)[O-],CC(CN[C-]=[NH2+])C(=O)O
dsgdb9nsd_004277,N=c1nc[n-]c(N)[nH+]1,N=c1ncnc(N)[nH]1
dsgdb9nsd_060622,CC1NC1C([NH3+])C(=O)[O-],CC1NC1C(N)C(=O)O
dsgdb9nsd_129411,N=C(N)Nc1cnno1,N#[N+]C=C([O-])NC(=N)N
dsgdb9nsd_060441,CC(O)C[NH2+]CC(=O)[O-],CC(O)CNCC(=O)O
dsgdb9nsd_133822,CC12C3=CC4C(=C3)C1C42,CC12[C+]3C=[C-]C1C2C=C3
dsgdb9nsd_060647,CC(C(=O)[O-])[NH+]1CCC1,CC(C(=O)O)N1CCC1
dsgdb9nsd_100730,CCC(O)C([NH3+])C(=O)[O-],CCC(O)C(N)C(=O)O
dsgdb9nsd_055375,O=C([O-])C1[NH2+]CC2NC21,O=C(O)C1NCC2NC21
dsgdb9nsd_075877,[NH2+]=c1[nH]ccc(=O)[c-]1O,Nc1[nH]ccc(=O)c1O
dsgdb9nsd_088924,N#CC(=O)[N-]C1CC1[NH3+],N#CC(=O)NC1CC1N
dsgdb9nsd_055610,N=CNC(=[NH2+])CC(=O)[O-],C=C(N)NC=N.O=C=O
dsgdb9nsd_061417,CC(=[NH2+])NC(C)C(=O)[O-],CC(N)=NC(C)C(=O)O
dsgdb9nsd_057127,C#CC#CC([NH3+])C(=O)[O-],C#CC#CC(N)C(=O)O
dsgdb9nsd_057981,CC([NH3+])C(=O)[N-]CC#N,CC(N)C(O)=NCC#N
dsgdb9nsd_054502,[NH2+]=C1NC2CC12C(=O)[O-],N=C1NC2CC12C(=O)O
dsgdb9nsd_130366,NC=[NH+]c1nc(O)n[n-]1,N[CH-]NC1=NC(O)=[N+]=N1
dsgdb9nsd_133834,OC12C3C=C4C(O3)C1C42,OC12C3OC4[C]C3C1C42
dsgdb9nsd_056221,CC(=[NH2+])NCCC(=O)[O-],CC(=N)NCCC(=O)O
dsgdb9nsd_022210,N#CCC(=N[O-])C(N)=[NH2+],N#CCC(N=O)=C(N)N
dsgdb9nsd_105216,[NH3+]CC1(C(=O)[O-])CC1O,NCC1(C(=O)O)CC1O
dsgdb9nsd_061434,NC(=[NH2+])C(O)CC(=O)[O-],N=C(N)C(O)CC(=O)O
dsgdb9nsd_059958,CC(C)CC([NH3+])C(=O)[O-],CC(C)CC(N)C(=O)O
dsgdb9nsd_021727,[NH3+]Cc1n[nH]cc1[O-],NCc1n[nH]cc1O
dsgdb9nsd_021620,Nc1nc(=O)nno1,N#N.NC(=O)N=C=O
dsgdb9nsd_056015,O=C([O-])CC1C=CC[NH2+]1,O=C(O)CC1C=CCN1
dsgdb9nsd_037606,C1=C2C3C4OC3(CC1)C24,O=C1CCC=C2C=CC12
dsgdb9nsd_057945,CN(C)C(=[NH2+])CC(=O)[O-],C=C(N)N(C)C.O=C=O
dsgdb9nsd_097024,C[NH+]=c1[nH]cc[c-]1C#N,CNc1[nH]ccc1C#N
dsgdb9nsd_054836,CC12[NH2+]CC1C2C(=O)[O-],CC12NCC1C2C(=O)O
dsgdb9nsd_060433,CC([NH3+])COCC(=O)[O-],CC(N)COCC(=O)O
dsgdb9nsd_006103,C[NH+](C)CCC(=O)[O-],CN(C)CCC(=O)O
dsgdb9nsd_066604,OC12C3=CC4C1C2N4C3,OC12[C+]3CN4C([CH-]C41)C32
dsgdb9nsd_006665,C#CC[NH2+]CC(=O)[O-],C#CCNCC(=O)O
dsgdb9nsd_129157,N=c1nnonnc1=N,N#N.N=C1N=NOC1=N
dsgdb9nsd_097313,NC=[NH+]CC#CC(=O)[O-],NC=NCC#CC(=O)O
dsgdb9nsd_105495,C[NH2+]C1(C(=O)[O-])COC1,CNC1(C(=O)O)COC1
dsgdb9nsd_011201,[NH2+]=c1cc[c-](C=O)o1,Nc1ccc(C=O)o1
dsgdb9nsd_055311,O=C([O-])C1CCC12C[NH2+]2,O=C(O)C1CCC12CN2
dsgdb9nsd_097116,C[NH+]=C1NCC1C(=O)[O-],CNC1=CCN1.O=C=O
dsgdb9nsd_062103,[NH3+]C(CNC=O)C(=O)[O-],NC(CNC=O)C(=O)O
dsgdb9nsd_089046,[NH3+]C1CC1CCC(=O)[O-],NC1CC1CCC(=O)O
dsgdb9nsd_020562,CC([NH3+])c1nn[n-]n1,CC(N)c1nnn[nH]1
dsgdb9nsd_108410,C[NH2+]C12COC1[C-]2C=O,C[NH2+]C12COC1C2=C[O-]
dsgdb9nsd_023140,C#CCC(=N[O-])C1C[NH2+]1,C#CCC(=CCN)N=O
dsgdb9nsd_126025,CC1COc2onnc21,CC1COC([O-])=C1[N+]#N
dsgdb9nsd_058282,CC([NH3+])C(C)CC(=O)[O-],CC(N)C(C)CC(=O)O
dsgdb9nsd_074172,Cc1cc(=[NH2+])o[c-]1C=O,Cc1cc(N)oc1C=O
dsgdb9nsd_133311,Nc1onnc(=O)c1F,N#N.NC(=O)C(F)=C=O
dsgdb9nsd_129336,N=c1[n-]nc(NC=[NH2+])o1,N=C1N=NC(N[CH-]N)=[O+]1
dsgdb9nsd_022233,COCC(=N[O-])C(N)=[NH2+],COCC(N=O)=C(N)N
dsgdb9nsd_045541,O=C1C=C2CCC[NH+]2[CH-]1,[O-]C1=C[NH+]2CCCC2=C1
dsgdb9nsd_083416,O=C([O-])C12[NH2+]CC1C2O,O=C(O)C12NCC1C2O
dsgdb9nsd_076396,NC1(C(=O)[O-])C([NH3+])C1O,NC1C(O)C1(N)C(=O)O
dsgdb9nsd_133865,C1C2CN3CC4OC1C243,C1=[O+]C2CC3CN(C1)[C-]32
dsgdb9nsd_091259,[NH3+]C1C[c-]2oc(=O)cc21,N.O=C=CC1=CCC1=O
dsgdb9nsd_007866,[NH3+]C1CC1CC(=O)[O-],NC1CC1CC(=O)O
dsgdb9nsd_102159,C#CCC(C[NH3+])C(=O)[O-],C#CCC(CN)C(=O)O
dsgdb9nsd_133404,O=c1nnoc(F)c1F,N#N.O=C=C(F)C(=O)F
dsgdb9nsd_054250,CC1(C(=O)[O-])CNC=[NH+]1,CC1(C(=O)O)CNC=N1
dsgdb9nsd_129999,NC1=Nc2nnoc2C1,N#[N+]C1=C([O-])CC(N)=N1
dsgdb9nsd_039173,C1CC2C3OC24C1CC34,O=C1C2C=CCCC1C2
dsgdb9nsd_022249,CC(=N[O-])C(O)C(N)=[NH2+],CC(=[NH+][O-])C(O)C(=N)N
dsgdb9nsd_067724,OC12C=C3CN4C3C1C42,C=C1C=C(O)C2C=NC12
dsgdb9nsd_128634,COc1nc(C[NH3+])n[n-]1,COc1nnc(CN)[nH]1
dsgdb9nsd_010293,C#CC(C[NH3+])C(=O)[O-],C#CC(CN)C(=O)O
dsgdb9nsd_013529,[NH3+]C1COC1C(=O)[O-],NC1COC1C(=O)O
dsgdb9nsd_076673,[NH3+]C1C(O)C1CC(=O)[O-],NC1C(O)C1CC(=O)O
dsgdb9nsd_031170,Nc1occ([O-])c1C[NH3+],NCc1c(O)coc1N
dsgdb9nsd_097529,C#C[C-](C#N)C#CC[NH3+],C#CC(=C=C=C)C#N.N
dsgdb9nsd_022465,N#CC(CNC=[NH2+])=N[O-],N#CC(CN=CN)=[NH+][O-]
dsgdb9nsd_129151,N=c1nnoccc1=O,N#N.N=C1OC=CC1=O
dsgdb9nsd_097530,N#C[C-](C#N)C#CC[NH3+],C=C=C=C(C#N)C#N.N
dsgdb9nsd_060605,CC(C(=O)[O-])C1CC1[NH3+],CC(C(=O)O)C1CC1N
dsgdb9nsd_031107,Nc1oc([O-])cc1C[NH3+],C=C(C=C=O)C(N)=O.N
dsgdb9nsd_001284,C[NH2+]CCC(=O)[O-],CNCCC(=O)O
dsgdb9nsd_093574,[NH3+]C1C=C(C(=O)[O-])CC1,NC1C=C(C(=O)O)CC1
dsgdb9nsd_099717,CCC(C(N)=[NH2+])C(=O)[O-],CCC=C(N)N.O=C=O
dsgdb9nsd_056041,O=C([O-])CC1CC[NH2+]C1,O=C(O)CC1CCNC1
dsgdb9nsd_126089,CC1OCc2onnc21,CC1OCC([O-])=C1[N+]#N
dsgdb9nsd_054995,O=C([O-])C1CC12C[NH2+]C2,NCC12COC(=O)C1C2
dsgdb9nsd_055558,[NH2+]=C(CC(=O)[O-])N1CC1,C=C(N)N1CC1.O=C=O
dsgdb9nsd_015448,N#C[c-]1cc[nH]c1=[NH2+],N#Cc1cc[nH]c1N
dsgdb9nsd_039169,C1CN2C3CC24C1OC34,O=CC1CC2=CCCN21
dsgdb9nsd_022438,C[NH+]=C(N)C(C=O)=N[O-],CNC(N)=C(C=O)N=O
dsgdb9nsd_056214,O=C([O-])CC[NH+]1CCC1,O=C(O)CCN1CCC1
dsgdb9nsd_025902,NC(=[NH2+])c1c[nH]cc1[O-],N=C(N)c1c[nH]cc1O
dsgdb9nsd_032942,C[NH2+]Cc1ccc([O-])o1,C=C1C=CC(=O)O1.CN
dsgdb9nsd_006755,[NH3+]CCC#CC(=O)[O-],NCCC#CC(=O)O
dsgdb9nsd_041220,C1NC2C13OC21CNC31,O=C1CNC=C2CNC12
dsgdb9nsd_025893,Nc1[nH]cc(C(=O)[O-])[nH+]1,Nc1[nH]c(C(=O)[O-])c[nH+]1
dsgdb9nsd_130457,[NH3+]CCc1nonc1[O-],NCCc1nonc1O
dsgdb9nsd_100419,CNC(C)=[NH+]CC(=O)[O-],CNC(C)=NCC(=O)O
dsgdb9nsd_089020,CC1CC1[NH2+]CC(=O)[O-],CC1CC1NCC(=O)O
dsgdb9nsd_094599,C[NH+]1CCC1CC(=O)[O-],CN1CCC1CC(=O)O
dsgdb9nsd_062102,NC(CNC=[NH2+])C(=O)[O-],NC=NCC(N)C(=O)O
dsgdb9nsd_086580,CC1[NH2+]C(C(=O)[O-])C1O,CC1NC(C(=O)O)C1O
dsgdb9nsd_130794,O=c1ncc(=O)onn1,N#N.O=C=NC1OC1=O
dsgdb9nsd_001265,[NH3+]CC#CC(=O)[O-],NCC#CC(=O)O
dsgdb9nsd_055112,O=C([O-])C1CC2(C[NH2+]2)C1,O=C(O)C1CC2(CN2)C1
dsgdb9nsd_032943,C[NH2+]Cc1cnc([O-])o1,C=C1C=NC(=O)O1.CN
dsgdb9nsd_062105,[NH3+]C(COC=O)C(=O)[O-],NC(COC=O)C(=O)O
dsgdb9nsd_124463,CC(C)([NH3+])c1cnn[n-]1,CC(C)(N)c1cnn[nH]1
dsgdb9nsd_076083,N#CC1C([NH3+])C1C(=O)[O-],N#CC1C(N)C1C(=O)O
dsgdb9nsd_061468,[NH3+]C(CC(=O)[O-])C1CC1,NC(CC(=O)O)C1CC1
dsgdb9nsd_056216,O=C([O-])CNC1C[NH2+]C1,O=C(O)CNC1CNC1
dsgdb9nsd_066511,NC12C3C4=NCC1N4C32,N[C]C1C[N-]C23[CH+]C2N13
dsgdb9nsd_094592,CC1[NH2+]CC1CC(=O)[O-],CC(N)C1COC(=O)C1
dsgdb9nsd_094162,CC1(C(=O)[O-])[NH2+]CC1O,CC1(C(=O)O)NCC1O
dsgdb9nsd_075102,Cc1c[nH]c(=[NH2+])[cH-]c1=O,Cc1c[nH]c(N)cc1=O
dsgdb9nsd_130370,N=c1[n-]nc([NH+]=CN)o1,N=C1N=NC(N[CH-]N)=[O+]1
dsgdb9nsd_054842,[NH3+]C12COC1C2C(=O)[O-],NC12COC1C2C(=O)O
dsgdb9nsd_130662,O=c1nconnc1=O,N#N.O=C=NC=O.[C-]#[O+]
dsgdb9nsd_062008,C#CC([NH3+])CCC(=O)[O-],C#CC(N)CCC(=O)O
dsgdb9nsd_131542,OC1CNc2onnc21,N#[N+]C1=C([O-])NCC1O
dsgdb9nsd_054266,CC1(C(=O)[O-])CC[NH2+]C1,CC1(C(=O)O)CCNC1
dsgdb9nsd_054858,O=C([O-])C1C2CC[NH2+]C21,O=C(O)C1C2CCNC21
dsgdb9nsd_118193,CC[NH2+]C(C)CC(=O)[O-],CCNC(C)CC(=O)O
dsgdb9nsd_105508,O=C([O-])C1(CO)C[NH2+]C1,O=C(O)C1(CO)CNC1
dsgdb9nsd_023793,N=c1cc(F)onn1,N#N.N=C=CC(=O)F
dsgdb9nsd_037751,C1=CC23CN4C2C=C1C43,C1=CN2CC3=CC=C1C32
dsgdb9nsd_057181,NC(=[NH2+])[C-](O)C(=O)C=O,NC(N)=C(O)C(=O)C=O
dsgdb9nsd_133396,N=c1nnoc(O)c1F,N#N.N=C=C(F)C(=O)O
dsgdb9nsd_118209,COCC([NH3+])CC(=O)[O-],COCC(N)CC(=O)O
dsgdb9nsd_037991,C1=C2C=C3CC1C1C2C31,C=C1C=C2C=CC3C1C23
dsgdb9nsd_025816,NC(=[NH2+])c1ccc([O-])o1,NC(N)=C1C=CC(=O)O1
dsgdb9nsd_052606,CC#CC(C)([NH3+])C(=O)[O-],CC#CC(C)(N)C(=O)O
dsgdb9nsd_056014,O=C([O-])CC1CNC=[NH+]1,O=C(O)CC1CNC=N1
dsgdb9nsd_130438,N=c1cn[n-]nc1C[NH3+],[NH-]C1=C(CN)NN=[N+]=C1
dsgdb9nsd_057190,CC(C)(C)C([NH3+])C(=O)[O-],CC(C)(C)C(N)C(=O)O
dsgdb9nsd_061413,CC(CC(N)=[NH2+])C(=O)[O-],CC(CC(=N)N)C(=O)O
dsgdb9nsd_042424,N#CC(=O)[N-]C1C[NH2+]C1,N#CC([O-])=NC1C[NH2+]C1
dsgdb9nsd_129401,NC(=[NH2+])n1cc([O-])cn1,NC(N)=[N+]1C=C([O-])C=N1
dsgdb9nsd_130336,[NH3+][c-]1ccc2onnc21,[NH3+]c1ccc2onn[c-]12
dsgdb9nsd_013840,O=C([O-])C1C[NH+]=CN1,O=C(O)C1CNC=N1
dsgdb9nsd_022097,C[NH+](C)CC(C=O)=N[O-],CN(C)CC(C=O)=[NH+][O-]
dsgdb9nsd_055692,CC1(CC(=O)[O-])CC[NH2+]1,CC1(CC(=O)O)CCN1
dsgdb9nsd_128428,C[NH2+]Cc1nocc1[O-],CNCc1nocc1O
dsgdb9nsd_054942,O=CC1CC(C(=O)[O-])[NH2+]1,O=CC1CC(C(=O)O)N1
dsgdb9nsd_013913,[NH3+]C1C(O)C1C(=O)[O-],NC1C(O)C1C(=O)O
dsgdb9nsd_054072,N#C[C-](OC=O)C(N)=[NH2+],N#CC(OC=O)=C(N)N
dsgdb9nsd_055166,O=C([O-])C1CC2[NH2+]C2C1,O=C(O)C1CC2NC2C1
dsgdb9nsd_120431,C[NH2+]C[c-]1ccc(=O)o1,C=C1C=CC(=O)O1.CN
dsgdb9nsd_000286,CC([NH3+])C(=O)[O-],CC(N)C(=O)O
dsgdb9nsd_031503,Cc1cc(C[NH3+])oc1[O-],C=C1C=C(C)C(=O)O1.N
dsgdb9nsd_131659,O=c1cc(CO)onn1,N#N.O=C=CC(=O)CO
dsgdb9nsd_130007,Nc1nc2onnc2o1,N#[N+]c1oc(N)nc1[O-]
dsgdb9nsd_130408,[NH3+]Cc1c(O)noc1[O-],NCc1c(O)noc1O
dsgdb9nsd_098939,N#CC(=O)[N-]C(=N)C[NH3+],N#CC(=O)N=C(N)CN
dsgdb9nsd_061469,[NH3+]C(CC(=O)[O-])C1CN1,NC(CC(=O)O)C1CN1
dsgdb9nsd_124738,CC([NH3+])c1nocc1[O-],CC(N)c1nocc1O
dsgdb9nsd_100265,CCC(C)(C[NH3+])C(=O)[O-],CCC(C)(CN)C(=O)O
dsgdb9nsd_123271,C1C2CC34OC(C13)C4O2,O=C1CC2CC=CC1O2
dsgdb9nsd_031115,Cc1occ([O-])c1C[NH3+],Cc1occ(O)c1CN
dsgdb9nsd_026153,CC([NH3+])c1ccoc1[O-],CC=C1C=COC1=O.N
dsgdb9nsd_133837,CC12C3=CC4=NC3C1N42,CC1([C-]2C=C=[N+]=C2)C=N1
dsgdb9nsd_100279,C[NH2+]C(C)(CO)C(=O)[O-],CNC(C)(CO)C(=O)O
dsgdb9nsd_036996,C1=C2C3C4C1N1C2C3C41,[C]1C2C3C4C1N1C2C3C41
dsgdb9nsd_097272,CC(CC(=O)[O-])[NH+]=CN,CC(CC(=O)O)N=CN
dsgdb9nsd_128568,COc1cc(=O)nno1,COC(=O)C=C=O.N#N
dsgdb9nsd_124735,CC([NH3+])c1noc(=N)[n-]1,CC(N)c1noc(=N)[nH]1
dsgdb9nsd_130416,N=c1nnoc(CN)n1,N#N.N=C=NC(=O)CN
dsgdb9nsd_076081,C#CC1C([NH3+])C1C(=O)[O-],C#CC1C(N)C1C(=O)O
dsgdb9nsd_110174,N#CC1[N-]C(=O)C1C[NH3+],C=CC(C#N)N=C=O.N
dsgdb9nsd_112393,[NH3+]CC1OC(=O)[N-]C1=O,NCC1OC(=O)N=C1O
dsgdb9nsd_054549,O=C([O-])C12CC3C([NH2+]1)C32,O=C(O)C12CC3C(N1)C32
dsgdb9nsd_067056,CC12C(=O)CC13CC2O3,CC1=CCC(=O)CC1=O
dsgdb9nsd_083398,CC1C2C[NH2+]C12C(=O)[O-],CC1C2CNC12C(=O)O
dsgdb9nsd_021718,[NH3+]Cc1onnc1[O-],C=C1ON=NC1=O.N
dsgdb9nsd_105208,C[NH2+]C1(C(=O)[O-])CC1O,CNC1(C(=O)O)CC1O
dsgdb9nsd_127839,CN=c1cc(N)onn1,CN=C=CC(N)=O.N#N
dsgdb9nsd_133403,O=c1nnoc(O)c1F,N#N.O=C=C(F)C(=O)O
dsgdb9nsd_095994,[NH3+]C1CCOC1C(=O)[O-],NC1CCOC1C(=O)O
dsgdb9nsd_124034,C1=Cc2nnoc2OC1,N#[N+]C1=C([O-])OCC=C1
dsgdb9nsd_084802,[NH3+]C1C=CCC1C(=O)[O-],NC1C=CCC1C(=O)O
dsgdb9nsd_105498,COC1(C(=O)[O-])C[NH2+]C1,COC1(C(=O)O)CNC1
dsgdb9nsd_133855,CC12OC34CC=C(C13)C24,CC1=CC2=CCC(=O)C12
dsgdb9nsd_054899,NC(=[NH2+])[c-]1ccc(=O)o1,NC(N)=C1C=CC(=O)O1
dsgdb9nsd_123097,CCC[NH2+]CCC(=O)[O-],CCCNCCC(=O)O
dsgdb9nsd_130480,c1nc2connc-2n1,N#[N+]C1=NC=NC1=C[O-]
dsgdb9nsd_056309,C#CCC[NH2+]CC(=O)[O-],C#CCCNCC(=O)O
dsgdb9nsd_053747,O=C([O-])C#CC1CC[NH2+]1,O=C(O)C#CC1CCN1
dsgdb9nsd_054602,O=C([O-])C12CC[NH+]1CC2,O=C(O)C12CCN1CC2
dsgdb9nsd_022441,CNC(=[NH2+])C(C=O)=N[O-],CNC(N)=C(C=O)N=O
dsgdb9nsd_123109,CNCC[NH2+]CC(=O)[O-],CNCCNCC(=O)O
dsgdb9nsd_115700,NCC1[NH2+]CC1C(=O)[O-],NCC1NCC1C(=O)O
dsgdb9nsd_055810,O=C([O-])CC1C2CC1[NH2+]2,NC1CC2OC(=O)CC12
dsgdb9nsd_055398,O=C([O-])C1CC=CC[NH2+]1,O=C(O)C1CC=CCN1
dsgdb9nsd_094161,CC1(C(=O)[O-])[NH2+]CC1N,CC1(C(=O)O)NCC1N
dsgdb9nsd_129583,[NH3+]C1(c2cnn[n-]2)CC1,NC1(c2cnn[nH]2)CC1
dsgdb9nsd_105507,O=C([O-])C1(CO)CC[NH2+]1,O=C(O)C1(CO)CCN1
dsgdb9nsd_006006,C#CC(C)([NH3+])C(=O)[O-],C#CC(C)(N)C(=O)O
dsgdb9nsd_037757,C1=C2COC34CN(C13)C24,C=C1C=CN2CC(=O)C12
dsgdb9nsd_026323,CC([NH3+])c1coc([O-])c1,CC(N)C1=COC(=O)C1
dsgdb9nsd_025903,NC(=[NH2+])c1cocc1[O-],N=C(N)c1cocc1O
dsgdb9nsd_037750,C1=CC23CC4C2C=C1C43,C1=CC2CC3=CC=C1C32
dsgdb9nsd_039184,C1CC2C3OC24C1NC34,O=C1C2C=CCCC1N2
dsgdb9nsd_055008,NC(=[NH2+])C1CC1C(=O)[O-],N=C(N)C1CC1C(=O)O
dsgdb9nsd_061573,[NH3+]C(CC1CN1)C(=O)[O-],NC(CC1CN1)C(=O)O
dsgdb9nsd_054433,[NH3+]C12COC1(C(=O)[O-])C2,C=C(N)CC(=O)C(=O)O
dsgdb9nsd_129997,NC1=Nc2onnc2C1,N#[N+]C1=C([O-])N=C(N)C1
dsgdb9nsd_089025,CC1[NH2+]C1CCC(=O)[O-],CC1NC1CCC(=O)O
dsgdb9nsd_006075,NC(=[NH2+])OCC(=O)[O-],NC(N)=[O+]CC(=O)[O-]
dsgdb9nsd_133866,C1C2OC3CC4OC1C234,C1=[O+]C2CC3OC(C1)[C-]32
dsgdb9nsd_054900,NC(=[NH2+])n1ccc(=O)[cH-]1,NC(N)=[N+]1C=CC([O-])=C1
dsgdb9nsd_130458,[NH3+]CCN=c1[n-]nco1,NCCN=c1[nH]nco1
dsgdb9nsd_130389,[NH3+]CC(O)c1ncn[n-]1,NCC(O)c1nnc[nH]1
dsgdb9nsd_084310,C[NH+]1C=CC(=O)[C-]1C=O,C[NH+]1C=CC(=O)C1=C[O-]
dsgdb9nsd_130538,c1nc2cnnoc-2n1,N#[N+]C=C1N=CN=C1[O-]
dsgdb9nsd_061470,[NH3+]C(CC(=O)[O-])C1CO1,NC(CC(=O)O)C1CO1
dsgdb9nsd_127778,Cn1nnc2nnoc21,Cn1nnc([N+]#N)c1[O-]
dsgdb9nsd_133143,Cc1onnc(=O)c1F,CC(=O)C(F)=C=O.N#N
dsgdb9nsd_032814,C[NH2+]Cc1ncoc1[O-],C=C1N=COC1=O.CN
dsgdb9nsd_124726,CC([NH3+])c1cnoc1[O-],CC(N)c1cnoc1O
dsgdb9nsd_007447,CC([NH3+])C(C)C(=O)[O-],CC(N)C(C)C(=O)O
dsgdb9nsd_060644,CC(C(=O)[O-])C1C[NH2+]C1,CC1C(=O)OCC1CN
dsgdb9nsd_007120,C[NH2+]CC(=O)[CH-]C=O,CNCC(O)=CC=O
dsgdb9nsd_057216,CC1(C([NH3+])C(=O)[O-])CO1,CC1(C(N)C(=O)O)CO1
dsgdb9nsd_116944,C[NH2+]CC#CCC(=O)[O-],C=C=C=C.CN.O=C=O
dsgdb9nsd_128143,CNc1onnc1C#N,CNC([O-])=C(C#N)[N+]#N
dsgdb9nsd_054123,[NH3+]C1(C(=O)[O-])C2CCC21,NC1(C(=O)O)C2CCC21
dsgdb9nsd_131092,[NH2+]=c1[nH]nc(C(=O)[O-])[nH]1,Nc1[nH]n[c-][nH+]1.O=C=O
dsgdb9nsd_100272,CCC(N)(C[NH3+])C(=O)[O-],CCC(N)(CN)C(=O)O
dsgdb9nsd_130421,[NH3+]Cc1nc(=O)cn[n-]1,NCc1nncc(=O)[nH]1
dsgdb9nsd_055283,CC1(C)[NH2+]CC1C(=O)[O-],CC1(C)NCC1C(=O)O
dsgdb9nsd_123616,C1c2onnc2C2CN12,N#[N+]C1=C([O-])CN2CC12
dsgdb9nsd_130345,[NH3+]C1COc2[n-]nnc21,C1=C2N=NN=C2OC1.N
dsgdb9nsd_104601,[NH3+]CC1(CC(=O)[O-])CN1,[NH3+][CH-]C1(CC(=O)O)CN1
dsgdb9nsd_007410,CC(C(N)=[NH2+])C(=O)[O-],CC=C(N)N.O=C=O
dsgdb9nsd_061295,C#CCC([NH3+])CC(=O)[O-],C#CCC(N)CC(=O)O
dsgdb9nsd_026894,Nc1cnc(=O)oc1N,NC(=O)C(N)=CN=C=O
dsgdb9nsd_025931,NC(=[NH2+])n1cncc1[O-],N=C(N)n1cncc1O
dsgdb9nsd_130741,O=c1oc2nnoc2o1,N#[N+]c1oc(=O)oc1[O-]
dsgdb9nsd_077133,CC1C(=[NH2+])NC1C(=O)[O-],CC1C(N)=NC1C(=O)O
dsgdb9nsd_087192,CC1[NH2+]C1(C)CC(=O)[O-],CC1NC1(C)CC(=O)O
dsgdb9nsd_100081,CC(O)(C[NH3+])CC(=O)[O-],CC(O)(CN)CC(=O)O
dsgdb9nsd_021838,O=COc1cnno1,N#[N+]C=C([O-])OC=O
dsgdb9nsd_086326,CC1[NH2+]C(C)C1C(=O)[O-],CC1NC(C)C1C(=O)O
dsgdb9nsd_058022,C#CC(C(=O)[O-])C(C)[NH3+],C#CC(C(=O)O)C(C)N
dsgdb9nsd_054707,O=C([O-])C1C2[NH2+]C3C2C31,O=C(O)C1C2NC3C2C31
dsgdb9nsd_105186,CC1NC1(C[NH3+])C(=O)[O-],CC1NC1(CN)C(=O)O
dsgdb9nsd_100448,CCC([NH3+])C#CC(=O)[O-],CCC(N)C#CC(=O)O
dsgdb9nsd_097306,C[NH+]=CN1CC1C(=O)[O-],CNC1OC(=O)C2CN12
dsgdb9nsd_054276,O=C([O-])C1(O)CC[NH2+]C1,O=C(O)C1(O)CCNC1
dsgdb9nsd_100418,CCC(N)=[NH+]CC(=O)[O-],CCC(N)=NCC(=O)O
dsgdb9nsd_130460,[NH3+]CCOc1cnn[n-]1,NCCOc1cnn[nH]1
dsgdb9nsd_129340,[NH2+]=CNCc1nn[n-]n1,N[CH-]NCC1=NN=[N+]=N1
dsgdb9nsd_061913,N#CCCC([NH3+])C(=O)[O-],N#CCCC(N)C(=O)O
dsgdb9nsd_098146,C#C[C-](C#N)C(=[NH2+])NC,C#CC(C#N)=C(N)NC
dsgdb9nsd_053959,CC([NH3+])(C(=O)[O-])C1CO1,CC(N)(C(=O)O)C1CO1
dsgdb9nsd_130434,[NH3+]Cc1n[nH]c(O)c1[O-],NCc1n[nH]c(O)c1O
dsgdb9nsd_124250,CC(=O)c1nnoc1N,CC(=O)C([N+]#N)=C(N)[O-]
dsgdb9nsd_021555,N=c1cc(N)onn1,N#N.N=C=CC(N)=O
dsgdb9nsd_021728,N=c1[n-]c(C[NH3+])no1,N=c1nc(CN)[nH]o1
dsgdb9nsd_100746,NCC([NH3+])C(O)C(=O)[O-],NCC(N)C(O)C(=O)O
dsgdb9nsd_025815,NC(=[NH2+])c1ccc([O-])[nH]1,NC(N)=C1C=CC(=O)N1
dsgdb9nsd_032813,C[NH2+]Cc1ccoc1[O-],CNCc1ccoc1O
dsgdb9nsd_094184,[NH3+]C1(C(=O)[O-])CCC1O,NC1(C(=O)O)CCC1O
dsgdb9nsd_056281,O=C([O-])C[NH2+]CC1CO1,O=C(O)CNCC1CO1
dsgdb9nsd_101938,[NH3+]CC(C(=O)[O-])C1CC1,NCC(C(=O)O)C1CC1
dsgdb9nsd_130435,[NH3+]Cc1n[n-]ccc1=O,NCc1[nH+]nccc1[O-]
dsgdb9nsd_130036,NC1=NCc2onnc21,N#[N+]C1=C([O-])CN=C1N
dsgdb9nsd_055147,O=C([O-])C1[NH2+]C2CC1C2,O=C(O)C1NC2CC1C2
dsgdb9nsd_124733,CC([NH3+])c1n[n-]c(O)n1,CC(N)c1nc(O)n[nH]1
dsgdb9nsd_100080,CC([NH3+])(CO)CC(=O)[O-],CC(N)(CO)CC(=O)O
dsgdb9nsd_026597,Cc1c([O-])cc[nH]c1=[NH2+],Cc1c(N)[nH]ccc1=O
dsgdb9nsd_102267,C#CC(C[NH3+])CC(=O)[O-],C#CC(CN)CC(=O)O
dsgdb9nsd_129393,N=c1[n-]c(C(N)=[NH2+])no1,N=C1[N-]C(=C(N)N)N=[O+]1
dsgdb9nsd_099754,C[NH2+]C(C(=O)[O-])C(C)C,CNC(C(=O)O)C(C)C
dsgdb9nsd_054208,[NH3+]C1(C(=O)[O-])CN2CC21,NC1(C(=O)O)CN2CC21
dsgdb9nsd_095446,[NH3+]C1CNC=C1C(=O)[O-],NC1CNC=C1C(=O)O
dsgdb9nsd_039172,C1CC2C3CC24C1CN34,C1=CCC2=NCC2CC1
dsgdb9nsd_043213,N#C[C-]1C(=O)C2[NH2+]CC12,N#CC1=C([O-])C2[NH2+]CC12
dsgdb9nsd_109758,[NH3+]CC1C(O)C1C(=O)[O-],NCC1C(O)C1C(=O)O
dsgdb9nsd_011388,[NH3+]C[c-]1ccc(=O)o1,C=C1C=CC(=O)O1.N
dsgdb9nsd_125389,Cc1coc2onnc12,Cc1coc([O-])c1[N+]#N
dsgdb9nsd_054132,CC1(C(=O)[O-])CC(=[NH2+])N1,CC1(C(=O)O)CC(N)=N1
dsgdb9nsd_007449,CC([NH3+])C(O)C(=O)[O-],CC(N)C(O)C(=O)O
dsgdb9nsd_007301,C#CCC([NH3+])C(=O)[O-],C#CCC(N)C(=O)O
dsgdb9nsd_087200,[NH3+]C1CC1(O)CC(=O)[O-],NC1CC1(O)CC(=O)O
dsgdb9nsd_010720,[NH3+]CC1(C(=O)[O-])CO1,NCC1(C(=O)O)CO1
dsgdb9nsd_125471,Cc1nc2nnoc2o1,Cc1nc([N+]#N)c([O-])o1
dsgdb9nsd_099753,C[NH+](C)C(CO)C(=O)[O-],CN(C)C(CO)C(=O)O
dsgdb9nsd_066597,CC12C3=NC4C(O3)C1C42,CC12N=C1OC1C=CC12
dsgdb9nsd_128418,C[NH2+]Cc1n[n-]c(=O)o1,C[NH2+]Cc1nnc([O-])o1
dsgdb9nsd_099223,CNC(=[NH2+])CCC(=O)[O-],CNC(=N)CCC(=O)O
dsgdb9nsd_125775,Cc1noc([O-])c1C[NH3+],Cc1noc(O)c1CN
dsgdb9nsd_121892,C[NH2+]CCC(C)C(=O)[O-],CNCCC(C)C(=O)O
dsgdb9nsd_037752,C1=CC23OC4C2C=C1C43,O=C1C=CC2=CC=CC12
dsgdb9nsd_004010,C[NH2+]CC(C=O)=N[O-],CNCC(C=O)=[NH+][O-]
dsgdb9nsd_118446,C[NH2+]CC(CO)C(=O)[O-],CNCC(CO)C(=O)O
dsgdb9nsd_129410,NC(=[NH2+])Nc1cnn[n-]1,N[C-](N)NC1=CN=[N+]=N1
dsgdb9nsd_060658,[NH3+]C(C(=O)[O-])C1COC1,NC(C(=O)O)C1COC1
dsgdb9nsd_121426,NC(=NCC[NH3+])C(=O)[O-],NCCN=C(N)C(=O)O
dsgdb9nsd_094173,CC1[NH2+]CC1(C)C(=O)[O-],CC1NCC1(C)C(=O)O
dsgdb9nsd_055677,N=CN(C=[NH2+])CC(=O)[O-],N=CN(C=N)CC(=O)O
dsgdb9nsd_055204,NC1=[NH+]CC(C(=O)[O-])O1,NC12NCC(O1)C(=O)O2
dsgdb9nsd_118189,CCCC([NH3+])CC(=O)[O-],CCCC(N)CC(=O)O
dsgdb9nsd_120725,[NH3+]CCC1OC1C(=O)[O-],NCCC1OC1C(=O)O
dsgdb9nsd_123130,O=C([O-])C[NH2+]CCCO,O=C(O)CNCCCO
dsgdb9nsd_123131,O=C([O-])CC[NH2+]CCO,O=C(O)CCNCCO
dsgdb9nsd_023828,O=c1nnoc(F)n1,N#N.O=C=NC(=O)F
dsgdb9nsd_055438,[NH2+]=C1NCCC1C(=O)[O-],NC1=CCCN1.O=C=O
dsgdb9nsd_124935,Cc1onnc(=O)c1C,CC(=O)C(C)=C=O.N#N
dsgdb9nsd_007568,CC1(C(=O)[O-])C[NH2+]C1,CC1(C(=O)O)CNC1
dsgdb9nsd_118444,C[NH2+]C(CCO)C(=O)[O-],CNC(CCO)C(=O)O
dsgdb9nsd_125276,Cc1cc2nnoc2[nH]1,Cc1cc([N+]#N)c([O-])[nH]1
dsgdb9nsd_121611,[NH3+]CCNC(=O)C(=O)[O-],NCCN[C-]=[OH+].O=C=O
dsgdb9nsd_133852,OC12C3=CC4OC3C1C42,OC12C3[C]C4OC3C1C42
dsgdb9nsd_128500,COc1[n-]nnc1C[NH3+],COc1nn[nH]c1CN
dsgdb9nsd_055191,O=C([O-])C1[NH2+]C2CCC21,O=C(O)C1NC2CCC21
dsgdb9nsd_050833,O=C[CH-]C(=O)C1CC[NH2+]1,O=CC=C(O)C1CCN1
dsgdb9nsd_054841,[NH3+]C12CNC1C2C(=O)[O-],NC12CNC1C2C(=O)O
dsgdb9nsd_060659,O=C([O-])C(O)C1CC[NH2+]1,O=C(O)C(O)C1CCN1
dsgdb9nsd_089047,NC1CC1[NH2+]CC(=O)[O-],NC1CC1NCC(=O)O
dsgdb9nsd_039179,C1OC2CC3C4CC23C14,C=C1C2C=CCOC1C2
dsgdb9nsd_056016,O=C([O-])CN1C=[NH+]CC1,O=C=O.[CH2-]N1C=[NH+]CC1
dsgdb9nsd_021608,N=c1cn[n-]c(N)[nH+]1,N=c1cnnc(N)[nH]1
dsgdb9nsd_133859,CN1C2C3C4=CCC31C42,CN1C2C3C4=CCC21C43
dsgdb9nsd_074243,N#C[c-]1[nH+]c(N)[nH]c1=O,N#Cc1[nH]c(N)[nH+]c1[O-]
dsgdb9nsd_133338,Nc1c(F)onnc1=O,N#N.NC(=C=O)C(=O)F
dsgdb9nsd_011141,N#C[c-]1ccc(=[NH2+])o1,N#Cc1ccc(N)o1
dsgdb9nsd_105506,[NH3+]CC1(C(=O)[O-])COC1,NCC1(C(=O)O)COC1
dsgdb9nsd_039185,C1CC2C3OC24C1OC34,O=C1C2C=CCCC1O2
dsgdb9nsd_054206,[NH3+]C1(C(=O)[O-])CC2NC21,NC1(C(=O)O)CC2NC21
dsgdb9nsd_123686,C1c2onnc2C2OC12,N#[N+]C1=C([O-])CC2OC12
dsgdb9nsd_006096,CC([NH3+])CCC(=O)[O-],CC(N)CCC(=O)O
dsgdb9nsd_055338,N#CC1C[NH2+]C1C(=O)[O-],N#CC1CNC1C(=O)O
dsgdb9nsd_104592,C[NH2+]C1(CC(=O)[O-])CC1,CNC1(CC(=O)O)CC1
dsgdb9nsd_054785,O=C([O-])C1C2C=CC1[NH2+]2,O=C(O)C1C2C=CC1N2
dsgdb9nsd_125094,Cc1nn[n-]c1C(N)=[NH2+],CC1=NN=NC1=C(N)N
dsgdb9nsd_054207,[NH3+]C1(C(=O)[O-])CC2OC21,NC1(C(=O)O)CC2OC21
dsgdb9nsd_038084,C1=CC2C3OC24C1NC34,C1=COC2=CNC2C=C1
dsgdb9nsd_022209,C#CCC(=N[O-])C(N)=[NH2+],C#CCC(N=O)=C(N)N
dsgdb9nsd_056219,CC(N)=[NH+]CCC(=O)[O-],CC(=N)NCCC(=O)O
dsgdb9nsd_054811,[NH2+]=C1C(C(=O)[O-])C2CN12,NC1=CC2CN12.O=C=O
dsgdb9nsd_037761,C1OC2=NC3C4OC13C24,O=C1COC2=NC=CC12
dsgdb9nsd_067062,NC12C(=O)OC13CC2C3,NC(=C=O)C1CC(=O)C1
dsgdb9nsd_125905,CC1Cc2nnoc2N1,CC1CC([N+]#N)=C([O-])N1
dsgdb9nsd_037082,C1=C2NC3=NC1C1C2C31,N1C23C4C5C6C2N6C13C54
dsgdb9nsd_099224,CNC(=[NH2+])NCC(=O)[O-],CNC(N)=NCC(=O)O
dsgdb9nsd_100261,CC(C[NH3+])(CO)C(=O)[O-],CC(CN)(CO)C(=O)O
dsgdb9nsd_099739,CC([NH3+])C(CO)C(=O)[O-],CC(N)C(CO)C(=O)O
dsgdb9nsd_059444,CC([NH3+])C1CC1C(=O)[O-],CC(N)C1CC1C(=O)O
dsgdb9nsd_090686,CC1[NH2+]C2C(C(=O)[O-])C12,CC1NC2C(C(=O)O)C12
dsgdb9nsd_055267,CC1=[NH+]C(C(=O)[O-])CN1,CC1=[NH+]CC(C(=O)[O-])N1
dsgdb9nsd_086636,CC1CC(=O)[C-](C=O)[NH2+]1,CC1CC(=O)C(=C[O-])[NH2+]1
dsgdb9nsd_086742,[NH3+]C1C=CC(C(=O)[O-])C1,C1=CCC=C1.N.O=C=O
dsgdb9nsd_130448,[NH3+]CCc1cnoc1[O-],NCCc1cnoc1O
dsgdb9nsd_054600,O=C([O-])C12CCC1C[NH2+]2,O=C(O)C12CCC1CN2
dsgdb9nsd_052008,N#C[C-](C#N)CNC=[NH2+],C=C(C#N)C#N.N=CN
dsgdb9nsd_061441,NC(=O)C([NH3+])CC(=O)[O-],NC(=O)C(N)CC(=O)O
dsgdb9nsd_120708,C[NH2+]CC1NC1C(=O)[O-],CNCC1NC1C(=O)O
dsgdb9nsd_129004,c1nc2cc[nH+][n-]c-2n1,c1nc2cc[nH]nc-2n1
dsgdb9nsd_007629,[NH2+]=C1CC(C(=O)[O-])N1,NC1=NC(C(=O)O)C1
dsgdb9nsd_061899,C#CC[NH2+]C(C)C(=O)[O-],C#CCNC(C)C(=O)O
dsgdb9nsd_133813,C1=C2C3C4OC3(C1)C24,O=C[CH+]C1=CC[C-]=C1
dsgdb9nsd_001686,[NH3+]CC(O)C(=O)[O-],NCC(O)C(=O)O
dsgdb9nsd_124727,CC([NH3+])c1nnoc1[O-],CC(N)c1nnoc1O
dsgdb9nsd_056220,NC(N)=[NH+]CCC(=O)[O-],N=C(N)NCCC(=O)O
dsgdb9nsd_036995,C1=C2C3C4C1C1C2N3C41,[C]1C2C3C4C1N1C2C3C41
dsgdb9nsd_093924,CC1CCC(C(=O)[O-])[NH2+]1,CC1CCC(C(=O)O)N1
dsgdb9nsd_001281,CC[NH2+]CC(=O)[O-],CCNCC(=O)O
dsgdb9nsd_058095,CC(O)C(C)([NH3+])C(=O)[O-],CC(O)C(C)(N)C(=O)O
dsgdb9nsd_021721,[NH3+]Cc1nnoc1[O-],NCc1nnoc1O
dsgdb9nsd_055945,O=C([O-])CC1C[NH+]2CC12,O=C1CC(C2CN2)CO1
dsgdb9nsd_054998,CC(=[NH2+])N1CC1C(=O)[O-],CC1(N)OC(=O)C2CN21
dsgdb9nsd_130461,[NH3+]CCOc1ncn[n-]1,NCCOc1nnc[nH]1
dsgdb9nsd_100280,COC(C)(C[NH3+])C(=O)[O-],COC(C)(CN)C(=O)O
dsgdb9nsd_124736,CC([NH3+])c1cc([O-])on1,CC(N)c1cc(=O)o[nH]1
dsgdb9nsd_066494,CC12C3N=C4OC3C1C42,CC1=CC2OC3=NC3C12
dsgdb9nsd_020390,C1Cc2nnoc2N1,N#[N+]C1=C([O-])NCC1
dsgdb9nsd_050620,O=C[C-]1[NH2+]CC=CC1=O,O=CC1=C([O-])C=CC[NH2+]1
dsgdb9nsd_007699,[NH2+]=c1[cH-]c(=O)cc[nH]1,Nc1cc(=O)cc[nH]1
dsgdb9nsd_055256,[NH2+]=C1NCC(C(=O)[O-])O1,NC12NCC(O1)C(=O)O2
dsgdb9nsd_055963,O=C([O-])C[NH+]1CC=CC1,O=C(O)CN1CC=CC1
dsgdb9nsd_121523,C[NH2+]CCC#CC(=O)[O-],CNCCC#CC(=O)O
dsgdb9nsd_105491,C[NH2+]C1(C(=O)[O-])CCC1,CNC1(C(=O)O)CCC1
dsgdb9nsd_099237,COC(=[NH2+])NCC(=O)[O-],COC(N)=NCC(=O)O
dsgdb9nsd_102015,C[NH2+][C-](C=O)C(=O)C=O,C[NH2+]C(C=O)=C([O-])C=O
dsgdb9nsd_021534,C#Cc1nnoc1N,C#CC([N+]#N)=C(N)[O-]
dsgdb9nsd_057193,CC(C)([NH3+])C(O)C(=O)[O-],CC(C)(N)C(O)C(=O)O
dsgdb9nsd_112355,Nc1cc(=O)o[c-]1C[NH3+],C=C1OC(=O)C=C1N.N
dsgdb9nsd_022471,N#CC(C[NH+]=CN)=N[O-],N#CC(CN=CN)=[NH+][O-]
dsgdb9nsd_021726,[NH3+]Cc1n[n-]c(O)n1,NCc1nnc(O)[nH]1
dsgdb9nsd_057172,N#CC(=O)[C-](O)C(N)=[NH2+],N#CC(=O)C(O)=C(N)N
dsgdb9nsd_054822,O=C([O-])C1C2C[NH+]=CN21,O=C1OC2NCC3C1N23
dsgdb9nsd_086564,CC1C([NH3+])CC1C(=O)[O-],CC1C(N)CC1C(=O)O
dsgdb9nsd_061420,CC(NC(N)=[NH2+])C(=O)[O-],CC(N=C(N)N)C(=O)O
dsgdb9nsd_101918,CCC(C(=O)[O-])C1C[NH2+]1,CCC(C(=O)O)C1CN1
dsgdb9nsd_101520,CC(C[NH3+])[N-]C(=O)C#N,CC(CN)NC(=O)C#N
dsgdb9nsd_076392,[NH3+]C1(C(=O)[O-])C(O)C1O,NC1(C(=O)O)C(O)C1O
dsgdb9nsd_055387,NC1=[NH+]CCC1C(=O)[O-],N=C1NCCC1C(=O)O
dsgdb9nsd_055865,CC1([NH3+])CC1CC(=O)[O-],CC1(N)CC1CC(=O)O
dsgdb9nsd_102797,[NH2+]=CNC(CO)C(=O)[O-],O=C=O.[NH2+]=CN[CH-]CO
dsgdb9nsd_038196,C1=CC23CC(C2)N2C1C23,C1=CC=C2CC(C2)N=C1
dsgdb9nsd_057189,CC(C(=O)[O-])C(C)(C)[NH3+],CC(C(=O)O)C(C)(C)N
dsgdb9nsd_055255,[NH2+]=C1NCC(C(=O)[O-])N1,NC1=NC(C(=O)O)CN1
dsgdb9nsd_031362,CNc1[n-]cnc(=N)[nH+]1,CNc1ncnc(=N)[nH]1
dsgdb9nsd_053748,O=C([O-])C#CC1C[NH2+]C1,O=C(O)C#CC1CNC1
dsgdb9nsd_055702,[NH3+]C1(CC(=O)[O-])COC1,NC1(CC(=O)O)COC1
dsgdb9nsd_124723,CC([NH3+])c1oncc1[O-],CC=C1ON=CC1=O.N
dsgdb9nsd_104602,[NH3+]CC1(CC(=O)[O-])CO1,[NH3+][CH-]C1(CC(=O)O)CO1
dsgdb9nsd_043210,N#C[C-]1C(=O)C2C[NH2+]C12,N#CC1=CC(CN)C1=O
dsgdb9nsd_061576,O=C([O-])C(O)CC1C[NH2+]1,O=C(O)C(O)CC1CN1
dsgdb9nsd_055776,O=C([O-])CC12C[NH2+]C1C2,NC1CC12COC(=O)C2
dsgdb9nsd_001259,NC=[NH+]CC(=O)[O-],NC=NCC(=O)O
dsgdb9nsd_075649,O=C1C(O)C23CC(O2)C13,O=C1C=CCC(=O)C1O
dsgdb9nsd_025915,NC(=[NH2+])n1ccc([O-])c1,NC(N)=[N+]1C=CC([O-])=C1
dsgdb9nsd_121520,CC[NH2+]CC#CC(=O)[O-],CCNCC#CC(=O)O
dsgdb9nsd_116537,CC[NH+]=C(N)CC(=O)[O-],C=C(N)NCC.O=C=O
dsgdb9nsd_021611,N=c1nnoc(N)n1,N#N.N=C=NC(N)=O
dsgdb9nsd_076381,CC1C([NH3+])C1(N)C(=O)[O-],CC1C(N)C1(N)C(=O)O
dsgdb9nsd_133836,CC12C3=CC4=CC3C1C42,CC12C3C1C14C5C3C21C54
dsgdb9nsd_054424,CC12C[NH2+]C1(C(=O)[O-])C2,CC12CNC1(C(=O)O)C2
dsgdb9nsd_031109,Nc1cc(C[NH3+])c([O-])o1,C=C1C=C(N)OC1=O.N
dsgdb9nsd_130182,Nc1n[nH]c2onnc12,N#[N+]c1c(N)n[nH]c1[O-]
dsgdb9nsd_039181,C1OC2CC3C4OC23C14,C1=COC2=CCC2OC1
dsgdb9nsd_130459,[NH3+]CCN=c1[n-]nno1,NCCN=c1[nH]nno1
dsgdb9nsd_115677,CCC1C[NH2+]C1C(=O)[O-],CCC1CNC1C(=O)O
dsgdb9nsd_131225,Oc1cc2nnoc2[nH]1,N#[N+]c1cc(O)[nH]c1[O-]
dsgdb9nsd_127407,CN1CCc2nnoc21,CN1CCC([N+]#N)=C1[O-]
dsgdb9nsd_060656,NC(C(=O)[O-])C1CC[NH2+]1,NC(C(=O)O)C1CCN1
dsgdb9nsd_130667,N#Cc1connc1=O,N#CC1=C([O-])N=[N+]=C=C1
dsgdb9nsd_103800,CC1(C[NH3+])OC1C(=O)[O-],CC(O)(CN)C1OC1=O
dsgdb9nsd_006793,O=C([O-])C[NH2+]CCO,O=C(O)CNCCO
dsgdb9nsd_037605,C1=C2C3C4CC3(OC1)C24,C=CC1=CC2CC(=O)C12
dsgdb9nsd_118213,[NH3+]C(CCO)CC(=O)[O-],NC(CCO)CC(=O)O
dsgdb9nsd_086736,CC1C=CC(C(=O)[O-])[NH2+]1,CC1C=CC(C(=O)O)N1
dsgdb9nsd_025765,Nc1[nH]c[nH+]c1C(=O)[O-],Nc1[nH+]c[nH]c1C(=O)[O-]
dsgdb9nsd_053957,CC([NH3+])(C(=O)[O-])C1CC1,CC(N)(C(=O)O)C1CC1
dsgdb9nsd_015512,O=C[C-]1[NH2+]CCC1=O,O=CC1=C([O-])CC[NH2+]1
dsgdb9nsd_044531,O=c1cc2[c-]([nH]1)C1[NH2+]C21,NC1C=C2NC(=O)C=C21
dsgdb9nsd_130125,Nc1n[n-]c(=[NH2+])nc1N,Nc1nnc(N)c(N)n1
dsgdb9nsd_061290,C#CC[NH+](C)CC(=O)[O-],C#CCN(C)CC(=O)O
dsgdb9nsd_130446,[NH3+]CCc1oncc1[O-],NCCc1oncc1O
dsgdb9nsd_023066,CC(=N[O-])C12CC[NH+]1C2,CC(N=O)=C1CCNC1
dsgdb9nsd_130670,O=c1nnonnc1=O,N#N.O=C=NN=O.[C-]#[O+]
dsgdb9nsd_010144,N#C[C-](C#N)CC[NH3+],N#CC(C#N)CCN
dsgdb9nsd_097265,CC(C)([NH+]=CN)C(=O)[O-],CC(C)(N=CN)C(=O)O
dsgdb9nsd_125619,Cc1n[nH]c(C[NH3+])c1[O-],C=C1NN=C(C)C1=O.N
dsgdb9nsd_067061,N=C1OC23CC(C2)C13N,C=C1CC=C(N)C(=N)O1
dsgdb9nsd_009986,N#C[C-](C#N)NC=[NH2+],N#C[C-](C#N)[NH+]=CN
dsgdb9nsd_096632,C[NH+]=C(N)[C-](C#N)C#N,CNC(N)=C(C#N)C#N
dsgdb9nsd_012916,O=C[C-]1C2[NH2+]CC12O,NCC1(O)C=C1C=O
dsgdb9nsd_058613,CC([NH3+])C1(C(=O)[O-])CN1,CC=C1CN1.N.O=C=O
dsgdb9nsd_007306,CC(NC=[NH2+])C(=O)[O-],CC(N=CN)C(=O)O
dsgdb9nsd_004872,[NH3+]Cc1cnc([O-])o1,C=C1C=NC(=O)O1.N
dsgdb9nsd_037754,C1=C2COC34CC(C13)C24,C=C1C=CC2CC(=O)C12
dsgdb9nsd_000080,[NH3+]CC(=O)[O-],NCC(=O)O
dsgdb9nsd_129243,N=c1oc2nnoc2o1,N#[N+]c1oc(=N)oc1[O-]
dsgdb9nsd_075053,N=c1[nH]c(N)[nH+][cH-]c1=O,N=c1[nH+]c(N)[nH]cc1[O-]
dsgdb9nsd_105189,CC1OC1(C[NH3+])C(=O)[O-],CC1OC1(CN)C(=O)O
dsgdb9nsd_119123,C[NH2+]CC1(C(=O)[O-])CN1,CNCC1(C(=O)O)CN1
dsgdb9nsd_133825,CC12C3C=C4C=C3C1C42,CC12C3C1C14C2C2C1C234
dsgdb9nsd_123589,C1C2CN1c1onnc12,N#[N+]C1=C([O-])N2CC1C2
dsgdb9nsd_027794,Cc1cc([O-])cc(=[NH2+])[nH]1,Cc1cc(=O)cc(N)[nH]1
dsgdb9nsd_130403,Nc1n[nH]c(C[NH3+])c1[O-],NCc1[nH]nc(N)c1O
dsgdb9nsd_054354,C#CC1(C(=O)[O-])C[NH2+]C1,C#CC1(C(=O)O)CNC1
dsgdb9nsd_102626,C[NH2+]C(CN)CC(=O)[O-],CNC(CN)CC(=O)O
dsgdb9nsd_132345,O=c1nc(F)nc(F)o1,O=C=NC(F)=NC(=O)F
dsgdb9nsd_062093,CC([NH2+]CC=O)C(=O)[O-],CC(NCC=O)C(=O)O
dsgdb9nsd_129585,[NH3+]C1(c2nn[n-]n2)CC1,NC1(c2nnn[nH]2)CC1
dsgdb9nsd_066422,[NH2+]=C1NC2[C-](C=O)C12O,N=C(N)C1(O)C=C1C=O
dsgdb9nsd_021719,[NH3+]Cc1nn[nH]c1[O-],NCc1nn[nH]c1O
dsgdb9nsd_085968,[NH3+]C1(C(=O)[O-])CC(O)C1,NC1(C(=O)O)CC(O)C1
dsgdb9nsd_120435,[NH3+]CC[c-]1ccc(=O)o1,NCCC(O)=CC=C=O
dsgdb9nsd_022248,NC(=[NH2+])C(=N[O-])C(N)=O,NC(=O)C(N=O)=C(N)N
dsgdb9nsd_123998,C1=Cc2nnoc2NC1,N#[N+]C1=C([O-])NCC=C1
dsgdb9nsd_055811,O=C([O-])CC1C2C[NH+]1C2,O=C(O)CC1C2CN1C2
dsgdb9nsd_105504,[NH3+]CC1(C(=O)[O-])CCC1,NCC1(C(=O)O)CCC1
dsgdb9nsd_132308,N=c1nc(N)nc(F)o1,[NH+]#CN=C(N)N=C([O-])F
dsgdb9nsd_124018,C1=[NH+]c2[n-]nnc2CN1,[CH-]1NCC2=C(N=[N+]=N2)N1
dsgdb9nsd_054274,NC1(C(=O)[O-])CC[NH2+]C1,NC1(C(=O)O)CCNC1
dsgdb9nsd_060665,CC([NH+]=C(N)N)C(=O)[O-],CC(N=C(N)N)C(=O)O
dsgdb9nsd_094605,NC1C[NH2+]C1CC(=O)[O-],NC1CNC1CC(=O)O
dsgdb9nsd_056215,O=C([O-])C[NH2+]C1CCC1,O=C(O)CNC1CCC1
dsgdb9nsd_126865,CCN=c1cconn1,CCN=C=CC=O.N#N
dsgdb9nsd_123545,C1C2CC1c1onnc12,N#[N+]C1=C([O-])C2CC1C2
dsgdb9nsd_095978,CC1CC[NH2+]C1C(=O)[O-],CC1CCNC1C(=O)O
dsgdb9nsd_117648,COCC(C)([NH3+])C(=O)[O-],COCC(C)(N)C(=O)O
dsgdb9nsd_055313,O=C([O-])C1[NH2+]CC12CC2,O=C(O)C1NCC12CC2
dsgdb9nsd_023700,O=c1ncnc(F)o1,O=C=NC=NC(=O)F
dsgdb9nsd_007574,NC1(C(=O)[O-])C[NH2+]C1,NC1(C(=O)O)CNC1
dsgdb9nsd_007370,CC[NH2+]C(C)C(=O)[O-],CCNC(C)C(=O)O
dsgdb9nsd_100276,CCC(O)(C[NH3+])C(=O)[O-],CCC(O)(CN)C(=O)O
dsgdb9nsd_056217,O=C([O-])C[NH2+]C1COC1,O=C(O)CNC1COC1
dsgdb9nsd_002386,[NH3+]C1CC1C(=O)[O-],NC1CC1C(=O)O
dsgdb9nsd_037992,C1=C2C=C3CC1N1C2C31,C=C1[CH+]C2N=CC=C2[CH-]1
dsgdb9nsd_055451,O=C([O-])C1C=CCC[NH2+]1,O=C(O)C1C=CCCN1
dsgdb9nsd_124122,CC#Cc1nnoc1N,CC#CC([N+]#N)=C(N)[O-]
dsgdb9nsd_133820,C1=CC2C3NC24C1OC34,[C-]1=[NH+]C2C=CC=COC12
dsgdb9nsd_100271,CCC([NH3+])(CC)C(=O)[O-],CCC(N)(CC)C(=O)O
dsgdb9nsd_006041,CCC(C)([NH3+])C(=O)[O-],CCC(C)(N)C(=O)O
dsgdb9nsd_099253,[NH3+]CC(=O)NCC(=O)[O-],NCC(O)=NCC(=O)O
dsgdb9nsd_056121,C#CC(=[NH2+])NCC(=O)[O-],C#CC(N)=NCC(=O)O
dsgdb9nsd_118452,COCC(C[NH3+])C(=O)[O-],COCC(CN)C(=O)O
dsgdb9nsd_066519,OC12C3C4=CCN(C41)C32,C=CC1=CC2(O)C=NC12
dsgdb9nsd_129250,N=C1OCc2onnc21,N#[N+]C1=C([O-])COC1=N
dsgdb9nsd_118422,CCC(C[NH2+]C)C(=O)[O-],CCC(CNC)C(=O)O
dsgdb9nsd_127894,CN=c1nnoc(N)n1,CN=C=NC(N)=O.N#N
dsgdb9nsd_074174,Nc1cc(=[NH2+])o[c-]1C=O,Nc1cc(N)c(C=O)o1
dsgdb9nsd_124722,CC([NH3+])c1[nH]ncc1[O-],CC=C1NN=CC1=O.N
dsgdb9nsd_130603,O=c1cconnc1=O,N#N.O=C1C=COC1=O
dsgdb9nsd_133821,C1CC2C3CC24C1OC34,O=CC1CC2=CCCC21
dsgdb9nsd_056232,CC(=O)C[NH2+]CC(=O)[O-],CC(=O)CNCC(=O)O
dsgdb9nsd_128627,COc1nc(=O)nno1,COC(=O)N=C=O.N#N
dsgdb9nsd_092762,[NH3+]C1CC=C(C(=O)[O-])C1,NC1CC=C(C(=O)O)C1
dsgdb9nsd_128499,COc1onnc1C=O,COC([O-])=C(C=O)[N+]#N
dsgdb9nsd_123655,C1C2Nc3onnc3C12,N#[N+]C1=C([O-])NC2CC12
dsgdb9nsd_130592,O=C1C=Cc2nnoc21,N#[N+]C1=C([O-])C(=O)C=C1
dsgdb9nsd_129002,c1cc2cc[nH+][n-]c-2n1,c1cc2cc[nH]nc-2n1
dsgdb9nsd_076377,CC1C(C)C1([NH3+])C(=O)[O-],CC1C(C)C1(N)C(=O)O
dsgdb9nsd_054486,O=C([O-])C12CC1[NH+]=CN2,O=C(O)C12CC1NC=N2
dsgdb9nsd_020679,Cc1connc1=O,CC(=C=O)C=O.N#N
dsgdb9nsd_132344,O=c1nc(O)nc(F)o1,[O+]#CN=C(O)N=C([O-])F
dsgdb9nsd_121868,CC([NH2+]CCO)C(=O)[O-],CC(NCCO)C(=O)O
dsgdb9nsd_007421,NC(=O)C([NH3+])C(=O)[O-],NC(=O)C(N)C(=O)O
dsgdb9nsd_101806,NCC([NH3+])CCC(=O)[O-],NCC(N)CCC(=O)O
dsgdb9nsd_086574,CC1CC(C(=O)[O-])[NH+]1C,CC1CC(C(=O)O)N1C
dsgdb9nsd_112497,C[NH2+]C1C[C-](C#N)C1=O,C[NH2+]C1CC(C#N)=C1[O-]
dsgdb9nsd_061437,NC(=[NH2+])CC(N)C(=O)[O-],N=C(N)CC(N)C(=O)O
dsgdb9nsd_072315,NC12CN=C3NC1C32O,NC1=C(O)C2NC2=NC1
dsgdb9nsd_130879,O=Cc1connc1=O,N#N.O=C=C(C=O)C=O
dsgdb9nsd_102617,CCC(C[NH3+])CC(=O)[O-],CCC(CN)CC(=O)O
dsgdb9nsd_013805,[NH3+]CC1CC1C(=O)[O-],[NH3+][CH-]C1CC1C(=O)O
dsgdb9nsd_094589,CC1C[NH2+]C1CC(=O)[O-],CC1CNC1CC(=O)O
dsgdb9nsd_128619,COc1nc(=N)nno1,COC(=O)N=C=N.N#N
dsgdb9nsd_119136,[NH3+]CCC1(C(=O)[O-])CO1,NCCC1(C(=O)O)CO1
dsgdb9nsd_121527,[NH3+]CCCC#CC(=O)[O-],NCCCC#CC(=O)O
dsgdb9nsd_030787,Cc1cc([O-])oc1C[NH3+],C=C1OC(=O)C=C1C.N
dsgdb9nsd_013527,[NH3+]C1CCC1C(=O)[O-],NC1CCC1C(=O)O
dsgdb9nsd_022007,CC(=N[O-])c1[nH]cc[nH+]1,CC(N=O)=C1NC=CN1
dsgdb9nsd_053496,CC#CCC([NH3+])C(=O)[O-],CC#CCC(N)C(=O)O
dsgdb9nsd_129387,N=c1[n-]nc(C(N)=[NH2+])o1,N=C1N=NC(=C(N)N)O1
dsgdb9nsd_100626,N#C[C-](C#N)C(N)C[NH3+],N.N#CC(C#N)=CCN
dsgdb9nsd_006497,[NH3+]C1(CC(=O)[O-])CC1,NC1(CC(=O)O)CC1
dsgdb9nsd_054172,C#CC1CC1([NH3+])C(=O)[O-],C#CC1CC1(N)C(=O)O
dsgdb9nsd_128408,C[NH2+]Cc1cnoc1[O-],CNCc1cnoc1O
dsgdb9nsd_054295,NC(=[NH2+])C1(C(=O)[O-])CC1,N=C(N)C1(C(=O)O)CC1
dsgdb9nsd_050450,[NH2+]=C1NC[C-](C=O)C1=O,NC1=[NH+]CC(C=O)=C1[O-]
dsgdb9nsd_090503,CC1[NH2+]C2[C-](C=O)C12O,CC(N)C1(O)C=C1C=O
dsgdb9nsd_130436,[NH3+]Cc1n[n-]cnc1=O,NCc1nncnc1O
dsgdb9nsd_058621,C[NH+](C)C1(C(=O)[O-])CC1,CN(C)C1(C(=O)O)CC1
dsgdb9nsd_053897,N#C[C-](C(N)=[NH2+])C(N)=O,N#CC(C(N)=O)=C(N)N
dsgdb9nsd_076962,CC1C(C(=O)[O-])N1C=[NH2+],CC1C(C(=O)O)N1C=N
dsgdb9nsd_130424,NCc1nc(=O)nno1,N#N.NCC(=O)N=C=O
dsgdb9nsd_105505,[NH3+]CC1(C(=O)[O-])CCO1,NCC1(C(=O)O)CCO1
dsgdb9nsd_105492,CNC1(C(=O)[O-])C[NH2+]C1,CNC1(C(=O)O)CNC1
dsgdb9nsd_054070,N#CC([N-]C=O)C(N)=[NH2+],N#CC(NC=O)C(=N)N
dsgdb9nsd_058090,CC([NH3+])C(C)(C)C(=O)[O-],CC(N)C(C)(C)C(=O)O
dsgdb9nsd_057211,CC(C(=O)[O-])C1([NH3+])CC1,CC(C(=O)O)C1(N)CC1
dsgdb9nsd_059932,CC([NH3+])C[C-](C#N)C#N,CC(N)CC(C#N)C#N
dsgdb9nsd_025859,N=c1[n-]cc(C(N)=[NH2+])o1,N=C1N=CC(=C(N)N)O1
dsgdb9nsd_049723,O=C[C-]1C(=O)C2[NH2+]CC12,O=CC1=C([O-])C2[NH2+]CC12
dsgdb9nsd_124734,CC([NH3+])c1n[nH]cc1[O-],CC(N)c1n[nH]cc1O
dsgdb9nsd_059968,CC([NH3+])CC(O)C(=O)[O-],CC(N)CC(O)C(=O)O
dsgdb9nsd_022971,N#CC(=N[O-])C1CC[NH2+]1,N#CC(=CCCN)N=O
dsgdb9nsd_054618,NC(=[NH2+])c1cc(=O)[cH-][nH]1,NC(N)=C1C=C([O-])C=[NH+]1
dsgdb9nsd_038079,C1=CC2C3CC24C1CC34,C=C1C2C=CC=CC1C2
dsgdb9nsd_002357,O=C([O-])C1C[NH2+]C1,O=C(O)C1CNC1
dsgdb9nsd_101939,[NH3+]CC(C(=O)[O-])C1CN1,NCC(C(=O)O)C1CN1
dsgdb9nsd_054911,CC1(C)CC(C(=O)[O-])[NH2+]1,CC1(C)CC(C(=O)O)N1
dsgdb9nsd_130433,N#Cc1nc(C[NH3+])n[n-]1,N#Cc1n[nH]c(CN)n1
dsgdb9nsd_008233,O=C([O-])CC1CC[NH2+]1,O=C(O)CC1CCN1
dsgdb9nsd_100705,CC(C(=O)[O-])C([NH3+])CO,CC(C(=O)O)C(N)CO
dsgdb9nsd_060634,[NH3+]C(C(=O)[O-])C1CC1O,NC(C(=O)O)C1CC1O
dsgdb9nsd_093943,O=C([O-])C1CC(O)C[NH2+]1,O=C(O)C1CC(O)CN1
dsgdb9nsd_102285,C[NH2+]C(C=O)CC(=O)[O-],CNC(C=O)CC(=O)O
dsgdb9nsd_054896,[NH2+]=C1NC=CC1C(=O)[O-],Nc1ccc[nH]1.O=C=O
dsgdb9nsd_113916,[NH3+]CC1NC1CC(=O)[O-],NCC1NC1CC(=O)O
dsgdb9nsd_022439,CNC(=[NH2+])C(C#N)=N[O-],CNC(N)=C(C#N)N=O
dsgdb9nsd_022444,C[NH+]=C(N)C(CO)=N[O-],CNC(N)=C(CO)N=O
dsgdb9nsd_056040,O=C([O-])CC1CCC[NH2+]1,O=C(O)CC1CCCN1
dsgdb9nsd_055910,[NH2+]=CN1CC1CC(=O)[O-],[NH2+]=[C-]N1CC1CC(=O)O
dsgdb9nsd_006776,CC[NH2+]CCC(=O)[O-],CCNCCC(=O)O
dsgdb9nsd_007245,N=C(NC=[NH2+])C(=O)[O-],N=C(N=CN)C(=O)O
dsgdb9nsd_074352,Cc1c[c-](C=O)oc1=[NH2+],Cc1cc(C=O)oc1N
dsgdb9nsd_109750,C[NH2+]C1C(O)C1C(=O)[O-],CNC1C(O)C1C(=O)O
dsgdb9nsd_120723,[NH3+]CCC1CC1C(=O)[O-],C=CC1CC1C(=O)O.N
dsgdb9nsd_030798,Cc1cc([O-])c(C[NH3+])o1,C=C1OC(C)=CC1=O.N
dsgdb9nsd_006385,CC(C[NH3+])CC(=O)[O-],CC(CN)CC(=O)O
dsgdb9nsd_020398,C1Cc2nnoc2O1,N#[N+]C1=C([O-])OCC1
dsgdb9nsd_087037,N#CC1(C(=O)[O-])CC1[NH3+],N.N#CC1=CC1.O=C=O
dsgdb9nsd_006751,C[NH2+]CC#CC(=O)[O-],CNCC#CC(=O)O
dsgdb9nsd_066603,OC12C3=NC4C(O3)C1C42,OC12C3C4[O+]=[C-]N1C4C32
dsgdb9nsd_055009,NC(=[NH2+])C1NC1C(=O)[O-],NC1(N)OC(=O)C2NC21
dsgdb9nsd_025886,NC(=[NH2+])c1coc([O-])c1,NC(N)=C(C=O)C=C=O
dsgdb9nsd_100744,NC(C(=O)[O-])C([NH3+])CO,NC(CO)C(N)C(=O)O
dsgdb9nsd_112958,O=C([O-])C1CC(CO)[NH2+]1,O=C(O)C1CC(CO)N1
dsgdb9nsd_038085,C1=CC2C3OC24C1OC34,O=C1C2C=CC=CC1O2
dsgdb9nsd_056212,O=C([O-])CCC1CC[NH2+]1,O=C(O)CCC1CCN1
dsgdb9nsd_026230,CC([NH3+])c1cnc([O-])o1,CC=C1C=NC(=O)O1.N
dsgdb9nsd_095984,CC1[NH2+]CCC1C(=O)[O-],CC1NCCC1C(=O)O
dsgdb9nsd_022974,O=CC(=N[O-])C1C[NH2+]C1,O=NC(=C[O-])C1C[NH2+]C1
dsgdb9nsd_004807,[NH3+]Cc1cc([O-])co1,C=C1C=C([O-])C=[O+]1.N
dsgdb9nsd_007384,[NH3+]C(CCO)C(=O)[O-],NC(CCO)C(=O)O
dsgdb9nsd_099252,NCC(=[NH2+])NCC(=O)[O-],NCC(N)=NCC(=O)O
dsgdb9nsd_066502,CC12C3OC4=NC3C1C42,CC12C=CC1OC1=NC12
dsgdb9nsd_054216,[NH3+]C1(C(=O)[O-])CC=CC1,NC1(C(=O)O)CC=CC1
dsgdb9nsd_013523,C[NH+]1CCC1C(=O)[O-],CN1CCC1C(=O)O
dsgdb9nsd_054244,NC1(C(=O)[O-])CNC1=[NH2+],NC1=C(N)NC1.O=C=O
dsgdb9nsd_133864,C1C2CC3OC4CC1C234,C1=[O+]C2CC3CC(C1)[C-]32
dsgdb9nsd_055703,O=C([O-])CC1(O)C[NH2+]C1,O=C(O)CC1([O-])C[NH2+]C1
dsgdb9nsd_056055,O=C([O-])C[NH+]=CN1CC1,O=C=O.[CH2-]NC=[N+]1CC1
dsgdb9nsd_130664,C#Cc1nc(=O)nno1,C#CC(=O)N=C=O.N#N
dsgdb9nsd_130423,[NH3+]Cc1nc(=O)nn[n-]1,NCc1nnnc(=O)[nH]1
dsgdb9nsd_055351,O=CC1C[NH2+]C1C(=O)[O-],O=CC1CNC1C(=O)O
dsgdb9nsd_055253,[NH2+]=C1CCC(C(=O)[O-])N1,NC1=NC(C(=O)O)CC1
dsgdb9nsd_109729,CC1C(C[NH3+])C1C(=O)[O-],CC1C(CN)C1C(=O)O
dsgdb9nsd_086814,CC1CC(CC(=O)[O-])[NH2+]1,CC1CC(CC(=O)O)N1
dsgdb9nsd_004018,N#CC(=N[O-])C(N)=[NH2+],N#CC(N=O)=C(N)N
dsgdb9nsd_033137,C[NH2+]Cc1cocc1[O-],CNCc1cocc1O
dsgdb9nsd_117531,N#CC(CC[NH3+])C(=O)[O-],N#CC(CCN)C(=O)O
dsgdb9nsd_097965,[NH3+]CC#CCCC(=O)[O-],NCC#CCCC(=O)O
dsgdb9nsd_055946,O=C([O-])CC1[NH2+]C2CC12,O=C(O)CC1NC2CC12
dsgdb9nsd_085969,[NH3+]C1CC(O)(C(=O)[O-])C1,NC1CC(O)(C(=O)O)C1
dsgdb9nsd_059963,CC(C)[NH2+]C(C)C(=O)[O-],CC(C)NC(C)C(=O)O
dsgdb9nsd_041221,C1NC2C13OC21COC31,O=C1COC=C2CNC12
dsgdb9nsd_131999,[NH2+]=c1[n-]c([N+](=O)[O-])n[nH]1,Nc1nc([N+](=O)[O-])n[nH]1
dsgdb9nsd_041215,C1CC23CC4(OCC24)C13,C1=C2CCC=C(C2)OC1
dsgdb9nsd_118458,[NH3+]CC(CCO)C(=O)[O-],NCC(CCO)C(=O)O
dsgdb9nsd_130620,O=c1cnonnc1=O,N#N.O=C1C=NOC1=O
dsgdb9nsd_080596,NC1C2[NH2+]C(C(=O)[O-])C12,NC1C2NC(C(=O)O)C12
dsgdb9nsd_031383,[NH3+]Cc1nc(=O)nc[n-]1,NCc1ncnc(=O)[nH]1
dsgdb9nsd_043243,O=C1C=C2C=CC3C2N13,[O-]C1=NC2C=C[CH+]C2=C1
dsgdb9nsd_001129,C[NH+](C)CC(=O)[O-],CN(C)CC(=O)O
dsgdb9nsd_101764,CC(CN)[NH2+]CC(=O)[O-],CC(CN)NCC(=O)O
dsgdb9nsd_127733,Cn1nnc(C[NH3+])c1[O-],Cn1nnc(CN)c1O
dsgdb9nsd_060641,CC(C(=O)[O-])C1CC[NH2+]1,CC(C(=O)O)C1CCN1
dsgdb9nsd_100747,[NH3+]CC(O)C(O)C(=O)[O-],NCC(O)C(O)C(=O)O
dsgdb9nsd_120707,C[NH2+]CC1CC1C(=O)[O-],CNCC1CC1C(=O)O
dsgdb9nsd_085355,C[c-]1oc(=[NH2+])ccc1=O,Cc1oc(=[NH2+])ccc1[O-]
dsgdb9nsd_001600,C#CC([NH3+])C(=O)[O-],C#CC(N)C(=O)O
dsgdb9nsd_045546,O=c1cc2[c-](o1)C[NH2+]C2,[O-]c1cc2c(o1)C[NH2+]C2
dsgdb9nsd_100420,CNC(N)=[NH+]CC(=O)[O-],CNC(N)=NCC(=O)O
dsgdb9nsd_130401,C#Cc1[n-]nnc1C[NH3+],C#Cc1nn[nH]c1CN
dsgdb9nsd_053941,CC(N)(C(N)=[NH2+])C(=O)[O-],CC(N)=C(N)N.O=C=O
dsgdb9nsd_129114,N=C1Cc2nnoc2O1,N#[N+]C1=C([O-])OC(=N)C1
dsgdb9nsd_008235,O=C([O-])C[NH+]1CCC1,O=C(O)CN1CCC1
dsgdb9nsd_130407,Nc1noc([O-])c1C[NH3+],C=C1C(=O)ON=C1N.N
dsgdb9nsd_007446,CC(C(=O)[O-])[NH+](C)C,CC(C(=O)O)N(C)C
dsgdb9nsd_054678,[NH2+]=C1NCC=C1C(=O)[O-],N=C1NCC=C1C(=O)O
dsgdb9nsd_097573,[NH3+]C(C#CCO)C(=O)[O-],NC(C#CCO)C(=O)O
dsgdb9nsd_008234,O=C([O-])CC1C[NH2+]C1,NCC1COC(=O)C1
dsgdb9nsd_018308,O=C1C=C[NH+]2CC[C-]12,[O-]C1=C2CC[NH+]2C=C1
dsgdb9nsd_102628,COC(C[NH3+])CC(=O)[O-],COC([CH-][NH3+])CC(=O)O
dsgdb9nsd_133846,CC12C3=CC4CC3C1C42,CC12C3[C]C4CC3C1C42
dsgdb9nsd_054273,[NH3+]C1(C(=O)[O-])CCCC1,NC1(C(=O)O)CCCC1
dsgdb9nsd_130386,[NH3+]CC#Cc1cnn[n-]1,C=C=C=C1C=NN=N1.N
dsgdb9nsd_007616,[NH3+]C1(C(=O)[O-])CC1O,NC1(C(=O)O)CC1O
dsgdb9nsd_054656,[NH2+]=C1CC=C(C(=O)[O-])N1,NC1=NC(C(=O)O)=CC1
dsgdb9nsd_099755,C[NH2+]C(C(=O)[O-])C(C)O,CNC(C(=O)O)C(C)O
dsgdb9nsd_116796,CC[NH+]=CNCC(=O)[O-],CCNC=NCC(=O)O
dsgdb9nsd_027391,N=c1nc(O)[n-]c(N)[nH+]1,N=c1nc(O)nc(N)[nH]1
dsgdb9nsd_055289,CC1(O)C[NH2+]C1C(=O)[O-],CC1(O)CNC1C(=O)O
dsgdb9nsd_055863,CC1(C)[NH2+]C1CC(=O)[O-],CC1(C)NC1CC(=O)O
dsgdb9nsd_124222,CC(=N)Oc1cnno1,CC(=N)OC([O-])=C[N+]#N
dsgdb9nsd_010295,N#CC(C[NH3+])C(=O)[O-],C=CC#N.N.O=C=O
dsgdb9nsd_133814,C1=C2C3N4CC3(C1)C24,C1=CCC2=CN(C=1)C2
dsgdb9nsd_112231,N#C[C-]1C(=O)OC1C[NH3+],N#CC(=C=O)C(O)CN
dsgdb9nsd_129654,Nc1onnc(=O)c1N,N#N.NC(=O)C(N)=C=O
dsgdb9nsd_099225,CNC(=[NH2+])OCC(=O)[O-],CNC(N)=[O+]CC(=O)[O-]
dsgdb9nsd_020490,C1OCc2onnc21,N#[N+]C1=C([O-])COC1
dsgdb9nsd_028402,Nc1[nH+]cc([O-])c(=O)o1,Nc1[nH]cc([O-])c(=O)[o+]1
dsgdb9nsd_006036,CC([NH3+])(CO)C(=O)[O-],CC(N)(CO)C(=O)O
dsgdb9nsd_117644,C[NH2+]CC(C)(N)C(=O)[O-],CNCC(C)(N)C(=O)O
dsgdb9nsd_054149,CC1([NH3+])CC1(C)C(=O)[O-],CC1(N)CC1(C)C(=O)O
dsgdb9nsd_054753,[NH2+]=C1CC2C(C(=O)[O-])N12,NC12CC3C(C(=O)O1)N32
dsgdb9nsd_129915,Nc1c[nH]c2onnc12,N#[N+]c1c(N)c[nH]c1[O-]
dsgdb9nsd_074241,N#C[c-]1[nH+]c(N)[nH]c1=N,[N-]=C=C1NC(N)=[NH+]C1=N
dsgdb9nsd_059446,CC([NH3+])C1OC1C(=O)[O-],CC(N)C1OC1C(=O)O
dsgdb9nsd_112956,NCC1CC(C(=O)[O-])[NH2+]1,NCC1CC(C(=O)O)N1
dsgdb9nsd_013530,O=C([O-])C1[NH2+]CC1O,O=C(O)C1NCC1O
dsgdb9nsd_129406,NC(=[NH2+])n1nncc1[O-],NC(N)=[N+]1N=NC=C1[O-]
dsgdb9nsd_055286,CC1(N)C[NH2+]C1C(=O)[O-],CC1(N)CNC1C(=O)O
dsgdb9nsd_118419,CCC(CC[NH3+])C(=O)[O-],CCC(CCN)C(=O)O
dsgdb9nsd_126081,CC1Oc2nnoc2O1,CC1OC([O-])=C([N+]#N)O1
dsgdb9nsd_032826,[NH3+]CCc1ccoc1[O-],NCCc1ccoc1O
dsgdb9nsd_092974,[NH3+]C1CC=CC1C(=O)[O-],NC1CC=CC1C(=O)O
dsgdb9nsd_055270,NC1=[NH+]C(C(=O)[O-])CC1,NC1=NC(C(=O)O)CC1
dsgdb9nsd_130337,[NH3+][c-]1ccc2nn[nH]c21,[NH3+]c1ccc2nn[nH][c-]12
dsgdb9nsd_010719,[NH3+]CC1(C(=O)[O-])CN1,NCC1(C(=O)O)CN1
dsgdb9nsd_130038,NC1=NCc2nnoc21,N#[N+]C1=C([O-])C(N)=NC1
dsgdb9nsd_006402,C[NH2+]C(C)CC(=O)[O-],CNC(C)CC(=O)O
dsgdb9nsd_086320,CC1CC([NH3+])C1C(=O)[O-],CC1CC(N)C1C(=O)O
dsgdb9nsd_133819,C1=C2CCC34OC(C13)C24,O=C1CCC2=CC=CC12
dsgdb9nsd_084340,Cn1cc[c-](C#N)c1=[NH2+],Cn1ccc(C#N)c1N
dsgdb9nsd_130009,Nc1nc2nnoc2o1,N#[N+]c1nc(N)oc1[O-]
dsgdb9nsd_112338,Cc1cc(=O)o[c-]1C[NH3+],C=C1OC(=O)C=C1C.N
dsgdb9nsd_086828,[NH3+]C1CN(CC(=O)[O-])C1,NC1CN(CC(=O)O)C1
dsgdb9nsd_037608,C1=C2C3N4CC3(OC1)C24,C=CC1=CN2CC(=O)C12
dsgdb9nsd_032410,Cc1occ(C[NH3+])c1[O-],Cc1occ(CN)c1O
dsgdb9nsd_022213,NC(=[NH2+])C(CC=O)=N[O-],NC(N)=C(CC=O)N=O
dsgdb9nsd_097318,C[NH+]=CNC(=N)C(=O)[O-],CNC=NC(=N)C(=O)O
dsgdb9nsd_055499,CC(=[NH2+])NC(=N)C(=O)[O-],CC(N)=[NH+]C(=N)C(=O)[O-]
dsgdb9nsd_133353,N=c1[nH+]c(N)[n-]nc1F,N=c1[nH]c(N)nnc1F
dsgdb9nsd_023152,COCC(=N[O-])C1C[NH2+]1,COCC(=CCN)N=O
dsgdb9nsd_129736,N=c1nnoc(O)c1N,N#[N+]C(=N)C(N)=C([O-])O
dsgdb9nsd_124205,CC(=[NH2+])Nc1cnn[n-]1,C[C-](N)NC1=CN=[N+]=N1
dsgdb9nsd_021521,Nc1onnc1C=O,N#[N+]C(C=O)=C(N)[O-]
dsgdb9nsd_074242,N#C[C-]1[NH+]=C(N)CC1=O,N#CC1=C([O-])CC(N)=[NH+]1
dsgdb9nsd_021729,[NH3+]Cc1cc([O-])on1,NCc1cc(=O)o[nH]1
dsgdb9nsd_055485,NC(=[NH2+])CC#CC(=O)[O-],N=C(N)CC#CC(=O)O
dsgdb9nsd_072314,NC12CN=C3NC1C32N,NC1=C(N)C2NC2=NC1
dsgdb9nsd_021484,NC(=[NH2+])c1ncn[n-]1,NC(N)=C1N=CN=N1
dsgdb9nsd_039178,C1CN2CC3N4CC32C14,C1=NCC2=CCCN2C1
dsgdb9nsd_010718,[NH3+]CC1(C(=O)[O-])CC1,NCC1(C(=O)O)CC1
dsgdb9nsd_082089,[NH3+]C1C2NC2C1C(=O)[O-],NC1C2NC2C1C(=O)O
dsgdb9nsd_097017,C[NH+]=c1[cH-]c(=O)cc[nH]1,CNc1cc(=O)cc[nH]1
dsgdb9nsd_022472,NC=[NH+]CC(C=O)=N[O-],NC=NCC(C=O)=[NH+][O-]
dsgdb9nsd_124739,CC([NH3+])c1nonc1[O-],CC(N)c1nonc1O
dsgdb9nsd_094179,CC1OCC1([NH3+])C(=O)[O-],CC1OCC1(N)C(=O)O
dsgdb9nsd_100273,CCC([NH3+])(CO)C(=O)[O-],CCC(N)(CO)C(=O)O
dsgdb9nsd_133839,OC12C3=CC4=CC3C1C42,OC12C3C1C14C5C3C21C54
dsgdb9nsd_100706,CC(C(=O)[O-])C(O)C[NH3+],CC(C(=O)O)C(O)CN
dsgdb9nsd_027847,Nc1cc([O-])nc(=[NH2+])[nH]1,Nc1cc(=O)nc(N)[nH]1
dsgdb9nsd_041213,C1CC23CC4(COC24)C13,C1=C2CCC=C(CO1)C2
dsgdb9nsd_030995,[NH3+]Cc1oc(=O)[nH]c1[O-],C=C1OC(=O)NC1=O.N
dsgdb9nsd_101805,[NH3+]C(CO)CCC(=O)[O-],NC(CO)CCC(=O)O
dsgdb9nsd_093919,CC1CC(C(=O)[O-])C[NH2+]1,CC1CC(C(=O)O)CN1
dsgdb9nsd_055790,O=C([O-])CC1=CC[NH2+]C1,O=C(O)CC1=CCNC1
dsgdb9nsd_001806,[NH3+]C1(C(=O)[O-])CC1,NC1(C(=O)O)CC1
dsgdb9nsd_125917,CC1Cc2nnoc2O1,CC1CC([N+]#N)=C([O-])O1
dsgdb9nsd_130467,c1cc2connc-2n1,N#[N+]C1=NC=CC1=C[O-]
dsgdb9nsd_054079,N#CC(NC=[NH2+])C(=O)[O-],O=C=O.[N-]=C=CNC=[NH2+]
dsgdb9nsd_055281,CC1(C)C[NH2+]C1C(=O)[O-],CC1(C)CNC1C(=O)O
dsgdb9nsd_055188,O=C([O-])C1CC2C[NH2+]C21,O=C(O)C1CC2CNC21
dsgdb9nsd_096612,C[NH+]=C(C(=O)[O-])N(C)C,CNC(C(=O)[O-])=[N+](C)C
dsgdb9nsd_117632,CC([NH3+])(CCO)C(=O)[O-],CC(N)(CCO)C(=O)O
dsgdb9nsd_055384,CC1=CC[NH2+]C1C(=O)[O-],CC1=CCNC1C(=O)O
dsgdb9nsd_084331,N=c1oc(=O)cc[c-]1[NH3+],Nc1ccc(=O)oc1N
dsgdb9nsd_102256,C#CC(CC(=O)[O-])[NH2+]C,C#CC(CC(=O)O)NC
dsgdb9nsd_052701,CC#CC([NH3+])CC(=O)[O-],CC#CC(N)CC(=O)O
dsgdb9nsd_054843,O=C([O-])C1C2[NH2+]CC21O,O=C(O)C1C2NCC21O
dsgdb9nsd_023149,C[NH2+]CC(=N[O-])C1CN1,CNCC(=[NH+][O-])C1CN1
dsgdb9nsd_120709,C[NH2+]CC1OC1C(=O)[O-],CNCC1OC1C(=O)O
dsgdb9nsd_109745,CN1C(C[NH3+])C1C(=O)[O-],CN1C(CN)C1C(=O)O
dsgdb9nsd_006407,NCC([NH3+])CC(=O)[O-],NCC(N)CC(=O)O
dsgdb9nsd_060617,CC1CC1C([NH3+])C(=O)[O-],CC1CC1C(N)C(=O)O
dsgdb9nsd_037755,C1OC2=NC3C4CC13C24,C=C1CC2C=NC(=O)C12
dsgdb9nsd_096674,C[NH+]=C(C)NCC(=O)[O-],CNC(C)=NCC(=O)O
dsgdb9nsd_132342,N=c1nc(F)nc(F)o1,N=C=NC(F)=NC(=O)F
dsgdb9nsd_128252,CNc1nc(=N)nno1,CNC(=O)N=C=N.N#N
dsgdb9nsd_053939,CC(C)(C(N)=[NH2+])C(=O)[O-],CC(C)=C(N)N.O=C=O
dsgdb9nsd_062024,CC(C=O)[NH2+]CC(=O)[O-],CC(C=O)NCC(=O)O
dsgdb9nsd_113901,C[NH2+]C1CC1CC(=O)[O-],CNC1CC1CC(=O)O
dsgdb9nsd_068732,N#CC12CC1(N)C1CN12,N#CC1=NCC=C(N)C1
dsgdb9nsd_128056,CNC(=[NH2+])c1ncn[n-]1,CNC(N)=C1N=CN=N1
dsgdb9nsd_098233,CNC(=[NH2+])C(C)C(=O)[O-],CC=C(N)NC.O=C=O
dsgdb9nsd_025861,N=c1[n-]c(C(N)=[NH2+])co1,N=C=NC(C=O)=C(N)N
dsgdb9nsd_130861,O=Cc1cc(=O)nno1,N#N.O=C=CC(=O)C=O
dsgdb9nsd_118438,CC[NH2+]C(CO)C(=O)[O-],CCNC(CO)C(=O)O
dsgdb9nsd_049700,O=C[C-]1C2[NH2+]CC12C=O,NCC1(C=O)C=C1C=O
dsgdb9nsd_055484,NC(=[NH2+])C#CCC(=O)[O-],C=C=C=C(N)N.O=C=O
dsgdb9nsd_133263,CN=c1cc(F)onn1,CN=C=CC(=O)F.N#N
dsgdb9nsd_129337,N=c1[n-]c(NC=[NH2+])no1,N=C1N=C(N[CH-]N)N=[O+]1
dsgdb9nsd_055620,N#C[C-](C#N)NC(N)=[NH2+],N#C[C-](C#N)[NH+]=C(N)N
dsgdb9nsd_099255,[NH2+]=C(CO)NCC(=O)[O-],NC(CO)=NCC(=O)O
dsgdb9nsd_099736,CC(C)C(C[NH3+])C(=O)[O-],CC(C)C(CN)C(=O)O
dsgdb9nsd_031171,Nc1coc([O-])c1C[NH3+],C=C1C(=O)OC=C1N.N
dsgdb9nsd_119119,CC[NH2+]C1(C(=O)[O-])CC1,CCNC1(C(=O)O)CC1
dsgdb9nsd_053969,C#CCC(C)([NH3+])C(=O)[O-],C#CCC(C)(N)C(=O)O
dsgdb9nsd_096631,C#C[C-](C#N)C(N)=[NH+]C,C#CC(C#N)=C(N)NC
dsgdb9nsd_128249,CNc1[n-]ncc(=N)[nH+]1,CNc1nncc(=N)[nH]1
dsgdb9nsd_051246,[NH2+]=CNc1cc(=O)[nH][cH-]1,NC=[NH+]c1c[nH]c([O-])c1
dsgdb9nsd_115703,O=C([O-])C1C[NH2+]C1CO,O=C(O)C1CNC1CO
dsgdb9nsd_130665,N#Cc1nc(=O)nno1,N#CC(=O)N=C=O.N#N
dsgdb9nsd_058091,CC([NH3+])C(C)(N)C(=O)[O-],CC(N)C(C)(N)C(=O)O
dsgdb9nsd_131925,[NH2+]=c1[n-]c([N+](=O)[O-])c[nH]1,Nc1nc([N+](=O)[O-])c[nH]1
dsgdb9nsd_086333,[NH3+]C1CC(O)C1C(=O)[O-],NC1CC(O)C1C(=O)O
dsgdb9nsd_061425,CC(OC(N)=[NH2+])C(=O)[O-],CC(OC(=N)N)C(=O)O
dsgdb9nsd_001994,O=C([O-])CC1C[NH2+]1,O=C(O)CC1CN1
dsgdb9nsd_056213,O=C([O-])CCC1C[NH2+]C1,O=C(O)CCC1CNC1
dsgdb9nsd_133854,CC12CC34CC=C(C13)C24,CC12[CH+]C3=CC[C-](C1)C32
dsgdb9nsd_011608,O=C([O-])CCC1C[NH2+]1,O=C(O)CCC1CN1
dsgdb9nsd_021464,N=COc1cnno1,N#[N+]C=C([O-])OC=N
dsgdb9nsd_112941,CCC1CC(C(=O)[O-])[NH2+]1,CCC1CC(C(=O)O)N1
dsgdb9nsd_095997,O=C([O-])C1C[NH2+]CC1O,O=C(O)C1CNCC1O
dsgdb9nsd_053730,CC(C)([NH3+])C#CC(=O)[O-],CC(C)(N)C#CC(=O)O
dsgdb9nsd_030996,[NH3+]Cc1oc(=O)oc1[O-],C=C1OC(=O)OC1=O.N
dsgdb9nsd_129070,[NH2+]=c1cn[n-]c(C=O)c1,Nc1cnnc(C=O)c1
dsgdb9nsd_091153,O=C1C=C[NH+]2CC(O)[C-]12,[O-]C1=C2C(O)C[NH+]2C=C1
dsgdb9nsd_055518,NC(=[NH2+])CC(=O)C(=O)[O-],C=C(N)N.O=C=O.[C-]#[O+]
dsgdb9nsd_100425,COC(N)=[NH+]CC(=O)[O-],COC(N)=NCC(=O)O
dsgdb9nsd_030994,N=c1[n-]c(O)c(C[NH3+])o1,C=C1OC(=N)N=C1O.N
dsgdb9nsd_007365,CCCC([NH3+])C(=O)[O-],CCCC(N)C(=O)O
dsgdb9nsd_130390,[NH3+]CC(O)c1nn[n-]n1,NCC(O)c1nnn[nH]1
dsgdb9nsd_129940,Nc1coc2onnc12,N#[N+]c1c(N)coc1[O-]
dsgdb9nsd_129996,NC1=[NH+]c2[n-]nnc2C1,N[C-]1CC2=C(N=[N+]=N2)N1
dsgdb9nsd_021720,[NH3+]Cc1cnoc1[O-],NCc1cnoc1O
dsgdb9nsd_055010,NC(=[NH2+])C1OC1C(=O)[O-],NC1(N)OC(=O)C2OC21
dsgdb9nsd_085488,N#CC1[N-]C(=O)CC1[NH3+],N#CC1N=C([O-])CC1[NH3+]
dsgdb9nsd_119124,C[NH2+]CC1(C(=O)[O-])CO1,CNCC1(C(=O)O)CO1
dsgdb9nsd_041224,C1OC2C13CC21COC31,C1=C2COC=C(CO1)C2
dsgdb9nsd_021717,[NH3+]Cc1oncc1[O-],C=C1ON=CC1=O.N
dsgdb9nsd_129317,N=c1cnc(=O)nno1,N#N.N=C1C=NC(=O)O1
dsgdb9nsd_039180,C1OC2CN3C4CC23C14,C1=CCC2=NCC2OC1
dsgdb9nsd_086822,C[NH+]1CC(CC(=O)[O-])C1,CNCC1COC(=O)C1
dsgdb9nsd_099809,CC(C#N)(C[NH3+])C(=O)[O-],C=C(C)C#N.N.O=C=O
dsgdb9nsd_061554,CC(CC1C[NH2+]1)C(=O)[O-],CC(CC1CN1)C(=O)O
dsgdb9nsd_051300,[NH2+]=CNc1c[nH][cH-]c1=O,NC=Nc1c[nH]cc1O
dsgdb9nsd_029226,Nc1nc(=[NH2+])[n-]cc1O,Nc1ncc(O)c(N)n1
dsgdb9nsd_058024,CC([NH3+])C(C#N)C(=O)[O-],CC(N)C(C#N)C(=O)O
dsgdb9nsd_130343,[NH3+]C1Cn2ncc([O-])c21,NC1Cn2ncc(O)c21
dsgdb9nsd_022247,CC(=O)C(=N[O-])C(N)=[NH2+],CC(=O)C(N=O)=C(N)N
dsgdb9nsd_021127,CN=c1nconn1,CN=C=NC=O.N#N
dsgdb9nsd_042479,N#CC(=O)[N-]CC1C[NH2+]1,N#CC(=O)NCC1CN1
dsgdb9nsd_102284,CCN(C=[NH2+])CC(=O)[O-],CCN(C=N)CC(=O)O
dsgdb9nsd_074200,Cc1cc(=[NH2+])o[cH-]c1=O,Cc1cc(N)[o+]cc1[O-]
dsgdb9nsd_121867,CC([NH2+]CCN)C(=O)[O-],CC(NCCN)C(=O)O
dsgdb9nsd_039189,C1OC2C3OC24C1OC34,O=C1C2C=COCC1O2
dsgdb9nsd_025812,Cc1[nH]c(C(=O)[O-])c[nH+]1,Cc1[nH]cc(C(=O)[O-])[nH+]1
dsgdb9nsd_055374,O=C([O-])C1[NH2+]CC2CC21,O=C(O)C1NCC2CC21
dsgdb9nsd_057194,CC(C)(O)C([NH3+])C(=O)[O-],CC(C)(O)C(N)C(=O)O
dsgdb9nsd_125055,Cc1c(N)onnc1=O,CC(=C=O)C(N)=O.N#N
dsgdb9nsd_001232,[NH2+]=CNCC(=O)[O-],NC=NCC(=O)O
dsgdb9nsd_031112,[NH3+]Cc1nc(O)oc1[O-],C=C1N=C(O)OC1=O.N
dsgdb9nsd_021364,c1cc2nnoc2[nH]1,N#[N+]c1cc[nH]c1[O-]
dsgdb9nsd_021716,[NH3+]Cc1[nH]ncc1[O-],NCc1[nH]ncc1O
dsgdb9nsd_132310,Nc1nc(F)oc(=O)n1,NC(N=C([O-])F)=NC#[O+]
dsgdb9nsd_099733,NC(=[NH2+])C(CO)C(=O)[O-],NC(N)=CCO.O=C=O
dsgdb9nsd_130449,[NH3+]CCc1nnoc1[O-],NCCc1nnoc1O
dsgdb9nsd_130418,N#Cc1n[n-]c(C[NH3+])n1,N#Cc1nnc(CN)[nH]1
dsgdb9nsd_030706,Cc1c([O-])coc1C[NH3+],C=C1[O+]=CC([O-])=C1C.N
dsgdb9nsd_039175,C1OC2C3CC24C1CC34,C=C1C2C=COCC1C2
dsgdb9nsd_086577,CC1[NH2+]C(C(=O)[O-])C1C,CC1NC(C(=O)O)C1C
dsgdb9nsd_100725,CCC([NH3+])C(C)C(=O)[O-],CCC(N)C(C)C(=O)O
dsgdb9nsd_051247,[NH2+]=CNc1cc(=O)o[cH-]1,NC=[NH+]c1coc([O-])c1
dsgdb9nsd_075644,CC1C(=O)C2C3CC12O3,CC1C(=O)C=CCC1=O
dsgdb9nsd_077460,O=C1CC2(O)C(O)C12O,[O-]C1=C(O)C(O)C(=[OH+])C1
dsgdb9nsd_041217,C1CC23OC4(CCC24)C13,O=C1CCC=C2CCC12
dsgdb9nsd_099837,C#CC(N)(C[NH3+])C(=O)[O-],C#CC(N)(CN)C(=O)O
dsgdb9nsd_056310,N#CCC[NH2+]CC(=O)[O-],N#CCCNCC(=O)O
dsgdb9nsd_133843,CC12C3CC4C=C3C1N42,CC12[N-]C3CC1[C+]1C3C12
dsgdb9nsd_089618,CC1[NH2+]C2(C(=O)[O-])CC12,CC1NC2(C(=O)O)CC12
dsgdb9nsd_121874,CCCCC([NH3+])C(=O)[O-],CCCCC(N)C(=O)O
dsgdb9nsd_023364,NC(=[NH2+])C(=N[O-])C1CN1,NC(N)=C(N=O)C1CN1
dsgdb9nsd_123094,CCCC[NH2+]CC(=O)[O-],CCCCNCC(=O)O
dsgdb9nsd_130442,Nc1onc(C[NH3+])c1[O-],NCc1noc(N)c1O
dsgdb9nsd_025758,NC(=[NH2+])c1ccoc1[O-],NC(N)=C1C=COC1=O
dsgdb9nsd_101927,C[NH2+]C(C(=O)[O-])C1CO1,CNC(C(=O)O)C1CO1
dsgdb9nsd_057212,CC1(C([NH3+])C(=O)[O-])CC1,CC1(C(N)C(=O)O)CC1
dsgdb9nsd_049699,O=C[C-]1C2C[NH2+]C12C=O,NCC1C(C=O)=C1C=O
dsgdb9nsd_007376,C[NH2+]CC(N)C(=O)[O-],C=CN.CN.O=C=O
dsgdb9nsd_056042,O=C([O-])C[NH+]1CCCC1,O=C(O)CN1CCCC1
dsgdb9nsd_006044,C[NH2+]C(C)(C)C(=O)[O-],CNC(C)(C)C(=O)O
dsgdb9nsd_121887,CCOCC([NH3+])C(=O)[O-],CCOCC(N)C(=O)O
dsgdb9nsd_094185,NC1(C(=O)[O-])CCC1[NH3+],NC1CCC1(N)C(=O)O
dsgdb9nsd_124732,CC([NH3+])c1n[n-]c(=O)o1,CC=C1N=NC(=O)O1.N
dsgdb9nsd_032965,[NH3+]CCc1ncc([O-])o1,NCCC(O)=NC=C=O
dsgdb9nsd_122767,C[NH2+]CC[N-]C(=O)C#N,C[NH2+]CCN=C([O-])C#N
dsgdb9nsd_128558,COc1cc(=N)nno1,COC(=O)C=C=N.N#N
dsgdb9nsd_130455,[NH3+]CCc1noc([O-])n1,NCCc1noc(=O)[nH]1
dsgdb9nsd_056564,C#CC([NH3+])C(O)C(=O)[O-],C#CC(N)C(O)C(=O)O
dsgdb9nsd_054537,O=C([O-])C12C[NH2+]CC1C2,O=C(O)C12CNCC1C2
dsgdb9nsd_100428,NCC(N)=[NH+]CC(=O)[O-],NCC(N)=NCC(=O)O
dsgdb9nsd_017650,[NH3+]C(C(=O)[O-])C1CN1,NC(C(=O)O)C1CN1
dsgdb9nsd_037843,C1N=C2NC3C4OC13C24,O=C1CN=C2NC=CC12
dsgdb9nsd_006790,[NH3+]CCCCC(=O)[O-],NCCCCC(=O)O
dsgdb9nsd_091258,C[NH+]1C[c-]2oc(=O)cc21,C[NH+]1CC([O-])=C1C=C=O
dsgdb9nsd_010239,C#C[C-](C#N)C(N)=[NH2+],C#CC(C#N)=C(N)N
dsgdb9nsd_127820,C[NH+]=C(N)c1cnn[n-]1,CNC(N)=C1C=NN=N1
dsgdb9nsd_055830,O=C([O-])CC1C2C[NH2+]C21,O=C(O)CC1C2CNC21
dsgdb9nsd_130410,[NH3+]Cc1cc(=O)cn[n-]1,NCc1cc(=O)cn[nH]1
dsgdb9nsd_032866,C[NH2+]Cc1cc([O-])co1,C=C1C=C([O-])C=[O+]1.CN
dsgdb9nsd_055376,O=C([O-])C1[NH2+]CC2OC21,O=C(O)C1NCC2OC21
dsgdb9nsd_007215,CC#CC([NH3+])C(=O)[O-],CC#CC(N)C(=O)O
dsgdb9nsd_025732,NC(=[NH2+])c1[nH]ccc1[O-],NC(N)=C1NC=CC1=O
dsgdb9nsd_055611,CC(=[NH2+])N[C-](C#N)C#N,CC(N)=[NH+][C-](C#N)C#N
dsgdb9nsd_129412,NC(=[NH2+])Nc1ncn[n-]1,N[C-](N)NC1=NC=[N+]=N1
dsgdb9nsd_133858,CC1N2C3C4=CCC13C42,CC1[C-]2CC=C3C=[N+]1C32
dsgdb9nsd_118196,C[NH+](CCN)CC(=O)[O-],CN(CCN)CC(=O)O
dsgdb9nsd_105488,CCC1(C(=O)[O-])C[NH2+]C1,CCC1(C(=O)O)CNC1
dsgdb9nsd_130451,[NH3+]CCc1n[n-]c(=O)o1,NCCC(=O)NN=C=O
dsgdb9nsd_128409,C[NH2+]Cc1nnoc1[O-],CNCc1nnoc1O
dsgdb9nsd_043475,O=C1[CH-]C(=O)C2CC1[NH2+]2,O=C1C=C([O-])C2CC1[NH2+]2
dsgdb9nsd_077151,[NH3+]C1C(=O)NC1C(=O)[O-],NC1C(=O)NC1C(=O)O
dsgdb9nsd_116649,CNC=[NH+]C(C)C(=O)[O-],CNC=NC(C)C(=O)O
dsgdb9nsd_126292,CCc1cc(=O)nno1,CCC(=O)C=C=O.N#N
dsgdb9nsd_096719,CN=C(NC=[NH2+])C(=O)[O-],CN=C(N=CN)C(=O)O
dsgdb9nsd_102152,C[NH2+]C(CC#N)C(=O)[O-],CNC(CC#N)C(=O)O
dsgdb9nsd_055097,[NH3+]C12CC(C(=O)[O-])C1C2,NC12CC(C(=O)O)C1C2
dsgdb9nsd_054432,[NH3+]C12CNC1(C(=O)[O-])C2,NC12CNC1(C(=O)O)C2
dsgdb9nsd_128405,C[NH2+]Cc1[nH]ncc1[O-],CNCc1[nH]ncc1O
dsgdb9nsd_022499,C[NH2+]CCC(C=O)=N[O-],CNCCC(C=O)=[NH+][O-]
dsgdb9nsd_094174,CC1[NH2+]CC1(N)C(=O)[O-],CC1NCC1(N)C(=O)O
dsgdb9nsd_121490,CCNC=[NH+]CC(=O)[O-],CCNC=NCC(=O)O
dsgdb9nsd_119759,C[NH2+]Cc1cc(=O)o[cH-]1,CNCC1=COC(=O)C1
dsgdb9nsd_087198,[NH3+]C1(CC(=O)[O-])CC1O,NC1(CC(=O)O)CC1O
dsgdb9nsd_058982,C[NH+](C)c1cc(=O)o[cH-]1,C[NH+](C)c1coc([O-])c1
dsgdb9nsd_060612,CC1[NH2+]C1C(C)C(=O)[O-],CC1NC1C(C)C(=O)O
dsgdb9nsd_099044,CC(C#N)[N-]C(=O)C[NH3+],CC(C#N)N=C(O)CN
dsgdb9nsd_072317,NC12CN=C3OC1C32O,[NH2+]=C1C[N-]C23OC2C13O
dsgdb9nsd_102627,C[NH2+]C(CO)CC(=O)[O-],CNC(CO)CC(=O)O
dsgdb9nsd_130385,NC=[NH+]Cc1nn[n-]n1,N[CH-]NCC1=NN=[N+]=N1
dsgdb9nsd_124465,CC(C)([NH3+])c1nn[n-]n1,CC(C)(N)c1nnn[nH]1
dsgdb9nsd_088359,N#C[C-](C#N)C1CC1[NH3+],N#CC(C#N)C1CC1N
dsgdb9nsd_125629,Cc1n[n-]c(N)[nH+]c1=N,Cc1nnc(N)[nH]c1=N
dsgdb9nsd_088225,[NH3+]C1CC1C#CC(=O)[O-],NC1CC1C#CC(=O)O
dsgdb9nsd_054298,NC(=[NH2+])C1(C(=O)[O-])CO1,N=C(N)C1(C(=O)O)CO1
dsgdb9nsd_007452,CC(O)C([NH3+])C(=O)[O-],CC(O)C(N)C(=O)O
dsgdb9nsd_125759,Cc1noc(C[NH3+])c1[O-],C=C1ON=C(C)C1=O.N
dsgdb9nsd_055264,CC1=CC(C(=O)[O-])[NH2+]C1,CC1=CC(C(=O)O)NC1
dsgdb9nsd_057192,CC(C)([NH3+])C(N)C(=O)[O-],CC(C)(N)C(N)C(=O)O
dsgdb9nsd_099758,COC(C(=O)[O-])C(C)[NH3+],COC(C(=O)O)C(C)N
dsgdb9nsd_056148,CC(C)(C)[NH2+]CC(=O)[O-],CC(C)(C)NCC(=O)O
dsgdb9nsd_076662,CC1C([NH3+])C1CC(=O)[O-],CC1C(N)C1CC(=O)O
dsgdb9nsd_041226,C1OC2C13OC21COC31,O=C1COC=C2COC12
dsgdb9nsd_095993,[NH3+]C1CCCC1C(=O)[O-],NC1CCCC1C(=O)O
dsgdb9nsd_099823,C#CC(C)([NH2+]C)C(=O)[O-],C#CC(C)(NC)C(=O)O
dsgdb9nsd_119862,C[NH2+]Cc1c[nH][cH-]c1=O,CNCc1c[nH]cc1O
dsgdb9nsd_039182,C1OC2CC3N4CC23C14,C1=NCC2=CCC2OC1
dsgdb9nsd_022498,CC[NH2+]CC(C=O)=N[O-],CCNCC(C=O)=[NH+][O-]
dsgdb9nsd_130432,C#Cc1nc(C[NH3+])n[n-]1,C#Cc1n[nH]c(CN)n1
dsgdb9nsd_056345,O=CCC[NH2+]CC(=O)[O-],O=CCCNCC(=O)O
dsgdb9nsd_020642,Cc1cc(=O)nno1,CC(=O)C=C=O.N#N
dsgdb9nsd_027844,Nc1cc([O-])cc(=[NH2+])[nH]1,Nc1cc(=O)cc(N)[nH]1
dsgdb9nsd_128421,C[NH2+]Cc1n[nH]cc1[O-],CNCc1n[nH]cc1O
dsgdb9nsd_112392,[NH3+]CC1[N-]C(=O)NC1=O,NCC1NC(=O)NC1=O
dsgdb9nsd_010340,CCC(C[NH3+])C(=O)[O-],CCC(CN)C(=O)O
dsgdb9nsd_118201,C[NH2+]CC(O)CC(=O)[O-],CNCC(O)CC(=O)O
dsgdb9nsd_060655,[NH3+]C(C(=O)[O-])C1CCC1,NC(C(=O)O)C1CCC1
dsgdb9nsd_100089,CCC(C)([NH3+])CC(=O)[O-],CCC(C)(N)CC(=O)O
dsgdb9nsd_129005,c1cc2nc[nH+][n-]c-2n1,c1cc2nc[nH]nc-2n1
dsgdb9nsd_100743,[NH3+]C(C(=O)[O-])C(O)CO,NC(C(=O)O)C(O)CO
dsgdb9nsd_022231,C[NH2+]CC(=N[O-])C(N)=O,CNCC(N=O)=C(N)O
dsgdb9nsd_099839,C#CC(O)(C[NH3+])C(=O)[O-],C#CC(O)(CN)C(=O)O
dsgdb9nsd_058277,CC(C)C([NH3+])CC(=O)[O-],CC(C)C(N)CC(=O)O
dsgdb9nsd_006074,NC(=[NH2+])NCC(=O)[O-],NC(N)=NCC(=O)O
dsgdb9nsd_010353,[NH3+]CC(CO)C(=O)[O-],NCC(CO)C(=O)O
dsgdb9nsd_054431,[NH3+]C12CCC1(C(=O)[O-])C2,NC12CCC1(C(=O)O)C2
dsgdb9nsd_100284,[NH3+]C(CO)(CO)C(=O)[O-],NC(CO)(CO)C(=O)O
dsgdb9nsd_130439,[NH3+]Cc1n[n-]ncc1=O,NCc1nnncc1O
dsgdb9nsd_030398,CN=c1nc[n-]c(N)[nH+]1,CN=c1ncnc(N)[nH]1
dsgdb9nsd_129136,N=c1nconnc1=N,N#N.N=C1N=COC1=N
dsgdb9nsd_054078,C#CC(NC=[NH2+])C(=O)[O-],O=C=O.[CH-]=C=CNC=[NH2+]
dsgdb9nsd_023819,O=c1nnocc1F,N#N.O=C=C(F)C=O
dsgdb9nsd_022443,CNC(=[NH2+])C(CO)=N[O-],CNC(N)=C(CO)N=O
dsgdb9nsd_115686,C[NH2+]C1COC1C(=O)[O-],CNC1COC1C(=O)O
dsgdb9nsd_089627,[NH3+]C1CC2(C(=O)[O-])NC12,NC1CC2(C(=O)O)NC12
dsgdb9nsd_006733,[NH3+]CC#CCC(=O)[O-],C=C=C=C.N.O=C=O
dsgdb9nsd_130415,N=c1nn[n-]c(C[NH3+])n1,N=c1nnnc(CN)[nH]1
dsgdb9nsd_006346,CNC(=[NH2+])CC(=O)[O-],C=C(N)NC.O=C=O
dsgdb9nsd_130443,[NH3+]Cc1noc(O)c1[O-],NCc1noc(O)c1O
dsgdb9nsd_130531,c1ncc2nonnc1-2,N#[N+]C1=CN=CC1=N[O-]
dsgdb9nsd_115691,COC1C[NH2+]C1C(=O)[O-],COC1CNC1C(=O)O
dsgdb9nsd_095996,O=C([O-])C1[NH2+]CCC1O,O=C(O)C1NCCC1O
dsgdb9nsd_096678,C[NH+]=C(N)NCC(=O)[O-],CNC(N)=NCC(=O)O
dsgdb9nsd_097260,C#CC([NH+]=CN)C(=O)[O-],O=C=O.[CH-]=C=C[NH+]=CN
dsgdb9nsd_055410,CC(=O)[C-]1[NH2+]CCC1=O,CC(=O)C1=C([O-])CC[NH2+]1
dsgdb9nsd_055846,[NH2+]=C1CC(CC(=O)[O-])N1,NC1=NC(CC(=O)O)C1
dsgdb9nsd_131705,O=c1nnoc(CO)n1,N#N.O=C=NC(=O)CO
dsgdb9nsd_080208,N#CC12C(=O)[N-]C1C2[NH3+],N.N#CC1=CC1N=C=O
dsgdb9nsd_119763,[NH3+]CCc1cc(=O)o[cH-]1,NCCC1=COC(=O)C1
dsgdb9nsd_133851,OC12C3=CC4CC3C1C42,OC12C3[C]C4CC3C1C42
dsgdb9nsd_031111,[NH3+]Cc1cc(O)oc1[O-],C=C1C=C(O)OC1=O.N
dsgdb9nsd_056218,O=C([O-])COC1C[NH2+]C1,O=C(O)COC1CNC1
dsgdb9nsd_054205,[NH3+]C1(C(=O)[O-])CC2CC21,NC1(C(=O)O)CC2CC21
dsgdb9nsd_055475,O=C([O-])C1CCCC[NH2+]1,O=C(O)C1CCCCN1
dsgdb9nsd_100456,NC(C#CC(=O)[O-])C[NH3+],NCC(N)C#CC(=O)O
dsgdb9nsd_054754,[NH2+]=C1NC2C1C2C(=O)[O-],NC12NC3C(C(=O)O1)C32
dsgdb9nsd_011609,O=C([O-])C[NH2+]C1CC1,O=C(O)CNC1CC1
dsgdb9nsd_074162,Cc1cc(=[NH2+])o[c-]1C#N,Cc1cc(N)oc1C#N
dsgdb9nsd_061464,C[NH+](CC(=O)[O-])C1CC1,CN(CC(=O)O)C1CC1
dsgdb9nsd_006684,O=CC[NH2+]CC(=O)[O-],O=CCNCC(=O)O
dsgdb9nsd_100427,NC(CO)=[NH+]CC(=O)[O-],NC(CO)=NCC(=O)O
dsgdb9nsd_075872,C[c-]1c(=O)cc[nH]c1=[NH2+],Cc1c(N)[nH]ccc1=O
dsgdb9nsd_132205,N=c1cc(F)[n-]c(N)[nH+]1,N=c1cc(F)nc(N)[nH]1
dsgdb9nsd_094607,O=C([O-])CC1[NH2+]CC1O,O=C(O)CC1NCC1O
dsgdb9nsd_128430,C[NH2+]Cc1nonc1[O-],CNCc1nonc1O
dsgdb9nsd_059455,C[NH+](C)C1CC1C(=O)[O-],CN(C)C1CC1C(=O)O
dsgdb9nsd_002356,O=C([O-])C1CC[NH2+]1,O=C(O)C1CCN1
dsgdb9nsd_057210,CC(C(=O)[O-])C1(C)C[NH2+]1,CC(C(=O)O)C1(C)CN1
dsgdb9nsd_001680,C[NH2+]C(C)C(=O)[O-],CNC(C)C(=O)O
dsgdb9nsd_010785,[NH2+]=c1ccc(=O)[cH-]o1,Nc1ccc([O-])c[o+]1
dsgdb9nsd_060657,[NH3+]C(C(=O)[O-])C1CCO1,NC(C(=O)O)C1CCO1
dsgdb9nsd_128260,CNc1nc(=O)nno1,CNC(=O)N=C=O.N#N
dsgdb9nsd_130463,c1cc2connc-2c1,N#[N+]C1=CC=CC1=C[O-]
dsgdb9nsd_055271,NC1=[NH+]C(C(=O)[O-])CN1,NC1=NC(C(=O)O)CN1
dsgdb9nsd_093347,CC1[NH2+]CC(=O)[C-]1C=O,CC1[NH2+]CC(=O)C1=C[O-]
dsgdb9nsd_054145,CC1(C)CC1([NH3+])C(=O)[O-],CC1(C)CC1(N)C(=O)O
dsgdb9nsd_001290,[NH3+]CCCC(=O)[O-],NCCCC(=O)O
dsgdb9nsd_055791,O=C([O-])CC1=[NH+]CCN1,C=C1NCCN1.O=C=O
dsgdb9nsd_026229,CC([NH3+])c1ccc([O-])o1,CC=C1C=CC(=O)O1.N
dsgdb9nsd_061433,CN(CC(=O)[O-])C(N)=[NH2+],CN(CC(=O)O)C(=N)N
dsgdb9nsd_104600,[NH3+]CC1(CC(=O)[O-])CC1,NCC1(CC(=O)O)CC1
dsgdb9nsd_123273,C1C2OC3C4OC13C4O2,O=C1CC2OC=CC1O2
dsgdb9nsd_113917,[NH3+]CC1OC1CC(=O)[O-],NCC1OC1CC(=O)O
dsgdb9nsd_121903,[NH3+]CCCC(O)C(=O)[O-],NCCCC(O)C(=O)O
dsgdb9nsd_014120,O=C([O-])C12CC1C[NH2+]2,O=C(O)C12CC1CN2
dsgdb9nsd_027871,O=c1nc(O)nc(O)o1,O=C=NC(O)=NC(=O)O
dsgdb9nsd_055285,CC1([NH3+])CCC1C(=O)[O-],CC1(N)CCC1C(=O)O
dsgdb9nsd_121902,[NH3+]C(CCCO)C(=O)[O-],NC(CCCO)C(=O)O
dsgdb9nsd_007858,CC1[NH2+]C1CC(=O)[O-],CC1NC1CC(=O)O
dsgdb9nsd_031599,[NH3+]Cc1cc(O)c([O-])o1,C=C1C=C(O)C(=O)O1.N
dsgdb9nsd_124731,CC([NH3+])c1n[n-]c(=N)o1,CC=C1N=NC(=N)O1.N
dsgdb9nsd_113914,[NH3+]CC1CC1CC(=O)[O-],NCC1CC1CC(=O)O
dsgdb9nsd_130412,[NH3+]Cc1c[n-]ncc1=O,NCc1cnncc1O
dsgdb9nsd_090040,CC12CC3(CC(O)C13)O2,CC1=CC(O)CC(=O)C1
dsgdb9nsd_041223,C1OC23CC4(OCC24)C13,C=C1OCC=C2OCC12
dsgdb9nsd_133857,CC1C2C3C4=CCC13C42,CC1C2C3C4=CCC12C43
dsgdb9nsd_076385,CC1C(O)C1([NH3+])C(=O)[O-],CC1C(O)C1(N)C(=O)O
dsgdb9nsd_020683,Cc1nc(=N)nno1,CC(=O)N=C=N.N#N
dsgdb9nsd_130398,N#Cc1nn[n-]c1C[NH3+],N#Cc1nn[nH]c1CN
dsgdb9nsd_021479,NC(=[NH2+])c1cnn[n-]1,NC(N)=C1C=NN=N1
dsgdb9nsd_124725,CC([NH3+])c1nn[nH]c1[O-],CC(N)c1nn[nH]c1O
dsgdb9nsd_083413,[NH3+]C1C2COC12C(=O)[O-],NC1C2COC12C(=O)O
dsgdb9nsd_117645,C[NH2+]CC(C)(O)C(=O)[O-],CNCC(C)(O)C(=O)O
dsgdb9nsd_055254,[NH2+]=C1CC(C(=O)[O-])CN1,NC12CC(CN1)C(=O)O2
dsgdb9nsd_128397,CNC=[NH+]c1ncn[n-]1,CN[CH-]NC1=NC=[N+]=N1
dsgdb9nsd_031000,Cc1oc([O-])cc1C[NH3+],C=C(C=C=O)C(C)=O.N
dsgdb9nsd_037607,C1=C2C3N4CC3(CC1)C24,C1=CCCC2=CN(C=1)C2
dsgdb9nsd_037758,C1NC2=NC3C4NC13C24,N=C1CNC2=NC=CC12
dsgdb9nsd_129183,[NH2+]=C1NCc2nn[n-]c21,NC1=C2N=NN=C2CN1
dsgdb9nsd_055314,O=C([O-])C1[NH2+]CC12CN2,O=C(O)C1NCC12CN2
dsgdb9nsd_125284,Cc1cc2nnoc2o1,Cc1cc([N+]#N)c([O-])o1
dsgdb9nsd_117521,C#CC(C[NH2+]C)C(=O)[O-],C#CC(CNC)C(=O)O
dsgdb9nsd_124712,CC(N)=[NH+]c1cnn[n-]1,C[C-](N)NC1=CN=[N+]=N1
dsgdb9nsd_021706,NC=[NH+]c1ncn[n-]1,N[CH-]NC1=NC=[N+]=N1
dsgdb9nsd_128529,COc1onnc1C#N,COC([O-])=C(C#N)[N+]#N
dsgdb9nsd_100704,CC(C(=O)[O-])C([NH3+])CN,CC(C(=O)O)C(N)CN
dsgdb9nsd_021748,c1nc2nnoc2o1,N#[N+]c1ncoc1[O-]
dsgdb9nsd_022972,N#CC(=N[O-])C1C[NH2+]C1,N#CC(=[NH+][O-])C1CNC1
dsgdb9nsd_128392,CNC=[NH+]c1ccn[n-]1,CN[CH-]NC1=CC=[N+]=N1
dsgdb9nsd_006398,CCC([NH3+])CC(=O)[O-],CCC(N)CC(=O)O
dsgdb9nsd_127606,Cn1ncc([O-])c1C[NH3+],C=C1C(=O)C=NN1C.N
dsgdb9nsd_091529,[NH3+]C1CC2CC12C(=O)[O-],NC1CC2CC12C(=O)O
dsgdb9nsd_121879,CCC[NH2+]C(C)C(=O)[O-],CCCNC(C)C(=O)O
dsgdb9nsd_017649,[NH3+]C(C(=O)[O-])C1CC1,NC(C(=O)O)C1CC1
dsgdb9nsd_133168,Cc1c(F)onnc1=O,CC(=C=O)C(=O)F.N#N
dsgdb9nsd_053845,[NH2+]=C(NC1CC1)C(=O)[O-],NC(=[NH+]C1CC1)C(=O)[O-]
dsgdb9nsd_095445,[NH3+]C1CCC=C1C(=O)[O-],NC1CCC=C1C(=O)O
dsgdb9nsd_026349,CC([NH3+])c1cocc1[O-],CC(N)c1cocc1O
dsgdb9nsd_130680,O=c1[nH]c2nnoc2[nH]1,N#[N+]c1[nH]c(=O)[nH]c1[O-]
dsgdb9nsd_129177,N=c1[nH]c2nnoc2o1,N#[N+]c1[nH]c(=N)oc1[O-]
dsgdb9nsd_017373,O=C([O-])C1[NH2+]C2CC21,O=C(O)C1NC2CC21
dsgdb9nsd_109757,[NH3+]C1C(CO)C1C(=O)[O-],NC1C(CO)C1C(=O)O
dsgdb9nsd_133856,OC12CC34CC=C(C13)C24,OC12C=C=CCC(=C1)C2
dsgdb9nsd_055373,O=C([O-])C1C[NH2+]C2CC21,O=C(O)C1CNC2CC21
dsgdb9nsd_101941,[NH3+]CC(C(=O)[O-])N1CC1,C=CN1CC1.N.O=C=O
dsgdb9nsd_130440,N=c1nn[n-]nc1C[NH3+],[NH-]C1=C(CN)NN=[N+]=N1
dsgdb9nsd_007377,C[NH2+]CC(O)C(=O)[O-],CNCC(O)C(=O)O
dsgdb9nsd_127395,CN1Cc2nnoc2C1,CN1CC([O-])=C([N+]#N)C1
dsgdb9nsd_120724,[NH3+]CCC1NC1C(=O)[O-],NCCC1NC1C(=O)O
dsgdb9nsd_101940,[NH3+]CC(C(=O)[O-])C1CO1,NCC(C(=O)O)C1CO1
dsgdb9nsd_129372,NC(=[NH2+])c1[nH]ncc1[O-],NC(N)=C1NN=CC1=O
dsgdb9nsd_054965,C#CC1([NH3+])CC1C(=O)[O-],C#CC1(N)CC1C(=O)O
dsgdb9nsd_055315,O=C([O-])C1[NH2+]CC12CO2,O=C(O)C1NCC12CO2
dsgdb9nsd_054151,CC1([NH3+])CC1(O)C(=O)[O-],CC1(N)CC1(O)C(=O)O
dsgdb9nsd_076133,CC1(C)C([NH3+])C1C(=O)[O-],CC1(C)C(N)C1C(=O)O
dsgdb9nsd_004940,[NH3+]Cc1coc([O-])n1,NCc1coc(=O)[nH]1
dsgdb9nsd_030788,Cc1nc([O-])oc1C[NH3+],C=C1OC(=O)N=C1C.N
dsgdb9nsd_057222,[NH3+]C(C(=O)[O-])C1(O)CC1,NC(C(=O)O)C1(O)CC1
dsgdb9nsd_060444,C[NH+](C)CCCC(=O)[O-],CN(C)CCCC(=O)O
dsgdb9nsd_113896,CCC1[NH2+]C1CC(=O)[O-],CCC1NC1CC(=O)O
dsgdb9nsd_100286,[NH3+]CC(O)(CO)C(=O)[O-],NCC(O)(CO)C(=O)O
dsgdb9nsd_121013,C[NH2+]C[c-]1[nH]ccc1=O,C=C1NC=CC1=O.CN
dsgdb9nsd_115683,CC[NH+]1CCC1C(=O)[O-],CCN1CCC1C(=O)O
dsgdb9nsd_007380,COCC([NH3+])C(=O)[O-],COCC(N)C(=O)O
dsgdb9nsd_102225,CNC(CC(=O)[O-])=[NH+]C,C=C(NC)NC.O=C=O
dsgdb9nsd_074176,[NH3+]c1cc(=O)o[c-]1C=O,[NH3+]C1=CC(=O)OC1=C[O-]
dsgdb9nsd_055111,O=C([O-])C1CC2(CC2)[NH2+]1,O=C(O)C1CC2(CC2)N1
dsgdb9nsd_013850,O=C([O-])C1CNC=[NH+]1,O=C(O)C1CNC=N1
dsgdb9nsd_055700,[NH3+]C1(CC(=O)[O-])CCC1,NC1(CC(=O)O)CCC1
dsgdb9nsd_126165,CCC([NH3+])c1cnn[n-]1,CCC(N)c1cnn[nH]1
dsgdb9nsd_037759,C1NC2=NC3C4OC13C24,O=C1CNC2=NC=CC12
dsgdb9nsd_025821,NC(=[NH2+])c1ncc([O-])[nH]1,NC(N)=C1N=CC(=O)N1
dsgdb9nsd_013866,O=C([O-])C1CC[NH2+]C1,O=C(O)C1CCNC1
dsgdb9nsd_096640,C[NH+]=C(N)C(O)C(=O)[O-],CNC(=[NH2+])C(O)C(=O)[O-]
dsgdb9nsd_125361,Cc1c[nH]c2onnc12,Cc1c[nH]c([O-])c1[N+]#N
dsgdb9nsd_124714,CC(N)=[NH+]c1ncn[n-]1,C[C-](N)NC1=NC=[N+]=N1
dsgdb9nsd_130635,O=C1CCc2onnc21,N#[N+]C1=C([O-])CCC1=O
dsgdb9nsd_130356,NC=[NH+]c1[n-]nnc1O,N[CH-]NC1=C(O)N=[N+]=N1
dsgdb9nsd_085964,CN1CC([NH3+])(C(=O)[O-])C1,CN1CC(N)(C(=O)O)C1
dsgdb9nsd_091532,[NH3+]C1CN2CC12C(=O)[O-],NC1CN2CC12C(=O)O
dsgdb9nsd_056239,NC(=[NH2+])COCC(=O)[O-],N=C(N)COCC(=O)O
dsgdb9nsd_028384,Nc1ccc([O-])c(=[NH2+])[nH]1,Nc1ccc([O-])c(N)[nH+]1
dsgdb9nsd_129419,NC(=[NH2+])Oc1ncn[n-]1,N=C(N)Oc1ncn[nH]1
dsgdb9nsd_055257,[NH2+]=C1NC(C(=O)[O-])CO1,NC1=NC(C(=O)O)CO1
dsgdb9nsd_007573,[NH3+]C1(C(=O)[O-])CCC1,NC1(C(=O)O)CCC1
dsgdb9nsd_021758,c1noc2onnc12,N#[N+]c1cnoc1[O-]
dsgdb9nsd_058092,CC([NH3+])C(C)(O)C(=O)[O-],CC(N)C(C)(O)C(=O)O
dsgdb9nsd_032885,[NH3+]CCc1cc([O-])co1,NCCc1cc([O-])c[oH+]1
dsgdb9nsd_060426,CC(C)C[NH2+]CC(=O)[O-],CC(C)CNCC(=O)O
dsgdb9nsd_055336,C#CC1[NH2+]CC1C(=O)[O-],C#CC1NCC1C(=O)O
dsgdb9nsd_101782,CCC(C)[NH2+]CC(=O)[O-],CCC(C)NCC(=O)O
dsgdb9nsd_013759,[NH2+]=CN1CC1C(=O)[O-],NC1OC(=O)C2CN12
dsgdb9nsd_128948,N#CCOc1cnno1,N#CCOC([O-])=C[N+]#N
dsgdb9nsd_055999,[NH2+]=C1CCN1CC(=O)[O-],NC12CCN1CC(=O)O2
dsgdb9nsd_130630,O=C1Cc2nnoc2N1,N#[N+]C1=C([O-])NC(=O)C1
dsgdb9nsd_120726,[NH3+]CCN1CC1C(=O)[O-],NCCN1CC1C(=O)O
dsgdb9nsd_128147,CNc1nnoc1NC,CNC([O-])=C([N+]#N)NC
dsgdb9nsd_090287,[NH3+]C1Cc2cc(=O)o[c-]21,N.O=C1C=C2CC=C2O1
dsgdb9nsd_123902,C1CNc2onnc2C1,N#[N+]C1=C([O-])NCCC1
dsgdb9nsd_022253,CC(O)C(=N[O-])C(N)=[NH2+],CC(O)C(N=O)=C(N)N
dsgdb9nsd_132305,Nc1cc(F)[n-]c(=[NH2+])n1,Nc1cc(F)nc(N)n1
dsgdb9nsd_013851,O=C([O-])C1C=CC[NH2+]1,O=C(O)C1C=CCN1
dsgdb9nsd_022093,NC(=[NH2+])CC(C=O)=N[O-],N=C(N)CC(C=O)=[NH+][O-]
dsgdb9nsd_117640,CC[NH2+]C(C)(C)C(=O)[O-],CCNC(C)(C)C(=O)O
dsgdb9nsd_121893,C[NH2+]CCC(O)C(=O)[O-],CNCCC(O)C(=O)O
dsgdb9nsd_056542,C#CC(C)C([NH3+])C(=O)[O-],C#CC(C)C(N)C(=O)O
dsgdb9nsd_130583,C#Cc1cc(=O)nno1,C#CC(=O)C=C=O.N#N
dsgdb9nsd_006073,NC(=[NH2+])CCC(=O)[O-],N=C(N)CCC(=O)O
dsgdb9nsd_045545,O=c1cc2[c-](o1)CC[NH2+]2,O=C=CC1=C([O-])CC[NH2+]1
dsgdb9nsd_032760,C[NH2+]Cc1occc1[O-],C=C1OC=CC1=O.CN
dsgdb9nsd_039170,C1OC2C3CC24C1OC34,C1=COC2COC=C2C1
dsgdb9nsd_030486,C[NH+]=c1nc(N)cc[n-]1,CNc1nccc(N)n1
dsgdb9nsd_118449,COC(CC[NH3+])C(=O)[O-],COC(CCN)C(=O)O
dsgdb9nsd_006081,CC([NH3+])C#CC(=O)[O-],CC(N)C#CC(=O)O
dsgdb9nsd_130686,O=c1[nH]c2nnoc2o1,N#[N+]c1[nH]c(=O)oc1[O-]
dsgdb9nsd_063510,CC1(O)CC1(C=O)C=O,CC(=O)CC(C=O)=CO
dsgdb9nsd_105579,N#CC1(C[NH3+])C[N-]C1=O,C=C(C#N)CN=C=O.N
dsgdb9nsd_118199,C[NH+](CCO)CC(=O)[O-],CN(CCO)CC(=O)O
dsgdb9nsd_010240,N#C[C-](C#N)C(N)=[NH2+],N#CC(C#N)=C(N)N
dsgdb9nsd_030553,NC=[NH+]c1cocc1[O-],NC=Nc1cocc1O
dsgdb9nsd_010343,CCC([NH2+]C)C(=O)[O-],CCC(NC)C(=O)O
dsgdb9nsd_115685,CNC1C[NH2+]C1C(=O)[O-],CNC1CNC1C(=O)O
dsgdb9nsd_118427,CCCC(C[NH3+])C(=O)[O-],CCCC(CN)C(=O)O
dsgdb9nsd_022469,[NH2+]=CNCC(C=O)=N[O-],NC=NCC(=C[O-])[NH+]=O
dsgdb9nsd_100735,C[NH2+]C(C)C(N)C(=O)[O-],CNC(C)C(N)C(=O)O
dsgdb9nsd_129175,N=c1[nH]c2onnc2o1,N#[N+]c1oc(=N)[nH]c1[O-]
dsgdb9nsd_026187,CC([NH3+])c1cc([O-])co1,CC=C1C=C([O-])C=[O+]1.N
dsgdb9nsd_089049,O=C([O-])C[NH2+]C1CC1O,O=C(O)CNC1CC1O
dsgdb9nsd_038081,C1=CC2C3OC24C1CC34,O=C1C2C=CC=CC1C2
dsgdb9nsd_119122,C[NH2+]CC1(C(=O)[O-])CC1,CNCC1(C(=O)O)CC1
dsgdb9nsd_050736,O=C[C-]1CC[NH2+]CC1=O,O=CC1=C([O-])C[NH2+]CC1
dsgdb9nsd_023799,O=c1cc(F)onn1,N#N.O=C=CC(=O)F
dsgdb9nsd_112230,N#CC1C(=O)[N-]C1C[NH3+],N#CC=CCN.N=C=O
dsgdb9nsd_129170,N=c1[nH]c2nnoc2[nH]1,N#[N+]c1[nH]c(=N)[nH]c1[O-]
dsgdb9nsd_124724,CC([NH3+])c1onnc1[O-],CC=C1ON=NC1=O.N
dsgdb9nsd_023822,N=c1nnoc(F)n1,N#N.N=C=NC(=O)F
dsgdb9nsd_007606,CC1CC1([NH3+])C(=O)[O-],CC1CC1(N)C(=O)O
dsgdb9nsd_056150,CC(C)([NH3+])CCC(=O)[O-],CC(C)(N)CCC(=O)O
dsgdb9nsd_123699,C1C2Oc3onnc3C12,N#[N+]C1=C([O-])OC2CC12
dsgdb9nsd_021119,CN=c1cconn1,CN=C=CC=O.N#N
dsgdb9nsd_054353,C#CC1(C(=O)[O-])CC[NH2+]1,C#CC1(C(=O)O)CCN1
dsgdb9nsd_010283,C#CC([NH2+]C)C(=O)[O-],C#CC(NC)C(=O)O
dsgdb9nsd_101793,CC[NH+](C)CCC(=O)[O-],CCN(C)CCC(=O)O
dsgdb9nsd_045927,N=c1[nH]c(=[NH2+])[nH][cH-]c1=O,N=c1[nH]c(N)[nH+]cc1[O-]
dsgdb9nsd_082087,[NH3+]C1C2CC2C1C(=O)[O-],NC1C2CC2C1C(=O)O
dsgdb9nsd_133816,N1=C2NC3C1C1OC3C21,C1=[N+]=C2N[CH-]C3OC1C23
dsgdb9nsd_130387,[NH3+]CC#Cc1ncn[n-]1,C=C=C=C1N=CN=N1.N
dsgdb9nsd_001117,NC(=[NH2+])CC(=O)[O-],C=C(N)N.O=C=O
dsgdb9nsd_133832,NC12C3CN4C(=N3)C1C42,[NH2+]=[C-]C1C=C2N=CCN21
dsgdb9nsd_072319,OC12CN=C3NC1C32O,OC1=C(O)CN=[C-][NH+]=C1
dsgdb9nsd_054840,[NH3+]C12CCC1C2C(=O)[O-],NC12CCC1C2C(=O)O
dsgdb9nsd_055399,O=C([O-])C1CC[NH+]=CN1,O=C(O)C1CCNC=N1
dsgdb9nsd_059823,CC([NH3+])CC#CC(=O)[O-],CC(N)CC#CC(=O)O
dsgdb9nsd_021165,CNc1nnoc1N,CNC([N+]#N)=C(N)[O-]
dsgdb9nsd_086325,CC1C[NH+](C)C1C(=O)[O-],CC1CN(C)C1C(=O)O
dsgdb9nsd_054624,[NH2+]=C1C=C(C(=O)[O-])CN1,NC1=[NH+]CC(C(=O)[O-])=C1
dsgdb9nsd_129003,c1cc2[n-][nH+]ccc-2n1,c1cc2n[nH]ccc-2n1
dsgdb9nsd_054536,O=C([O-])C12CC1CC[NH2+]2,O=C(O)C12CC1CCN2
dsgdb9nsd_099211,CCC(=[NH2+])NCC(=O)[O-],CCC(N)=NCC(=O)O
dsgdb9nsd_010712,C[NH2+]C1(C(=O)[O-])CC1,CNC1(C(=O)O)CC1
dsgdb9nsd_003895,O=c1cconn1,N#N.O=C=CC=O
dsgdb9nsd_132922,Nc1nc(=[NH2+])[n-]cc1F,Nc1ncc(F)c(N)n1
dsgdb9nsd_004019,NC(=[NH2+])C(C=O)=N[O-],NC(N)=C(C=O)N=O
dsgdb9nsd_030762,Nc1coc(C[NH3+])c1[O-],C=C1OC=C(N)C1=O.N
dsgdb9nsd_090689,C[NH+]1CC2C(C(=O)[O-])C21,CN1CC2C(C(=O)O)C21
dsgdb9nsd_001685,NC(C[NH3+])C(=O)[O-],NCC(N)C(=O)O
dsgdb9nsd_009320,N#CC(=O)[N-]CC[NH3+],N#CC(O)=NCCN
dsgdb9nsd_090696,CC1C[C-]2C(=O)C=C[NH+]21,CC1CC2=C([O-])C=C[NH+]21
dsgdb9nsd_132926,[NH2+]=c1cc([O-])c(F)c[nH]1,Nc1cc(=O)c(F)c[nH]1
dsgdb9nsd_129146,N#Cc1nc(=N)nno1,N#CC(=O)N=C=N.N#N
dsgdb9nsd_127825,C[NH+]=C(N)c1ncn[n-]1,CNC(N)=C1N=CN=N1
dsgdb9nsd_022229,C[NH2+]CC(=O)C(C)=N[O-],CNCC(O)=C(C)N=O
dsgdb9nsd_129073,[NH2+]=c1cn[n-]cc1C=O,Nc1cnncc1C=O
dsgdb9nsd_109748,C[NH2+]C1C(C)C1C(=O)[O-],CNC1C(C)C1C(=O)O
dsgdb9nsd_126093,CC1OCc2nnoc21,CC1OCC([N+]#N)=C1[O-]
dsgdb9nsd_004028,NC(=[NH2+])C(CO)=N[O-],NC(N)=C(CO)N=O
dsgdb9nsd_130456,[NH3+]CCc1nocc1[O-],NCCc1nocc1O
dsgdb9nsd_000267,C[NH2+]CC(=O)[O-],CNCC(=O)O
dsgdb9nsd_039176,C1OC2C3CC24C1CN34,C1=COCC2CN=C2C1
dsgdb9nsd_086850,N#CC1CC([NH3+])C(=O)[N-]1,N#CC1CC(N)C(O)=N1
dsgdb9nsd_006723,C[NH+]=CNCC(=O)[O-],CNC=NCC(=O)O
dsgdb9nsd_038083,C1=CC2C3NC24C1NC34,[C-]1=[NH+]C2C=CC=CNC12
dsgdb9nsd_086578,CC1[NH2+]C(C(=O)[O-])C1N,CC1NC(C(=O)O)C1N
dsgdb9nsd_006779,C[NH2+]CCCC(=O)[O-],CNCCCC(=O)O
dsgdb9nsd_004427,O=c1ncnc(O)o1,O=C=NC=NC(=O)O
dsgdb9nsd_130413,[NH3+]Cc1c[n-]nnc1=O,NCc1cnnnc1O
dsgdb9nsd_129137,N=c1nconnc1=O,N#N.N=C1N=COC1=O
dsgdb9nsd_101763,CC(C[NH3+])CCC(=O)[O-],CC(CN)CCC(=O)O
dsgdb9nsd_125109,Cc1[nH]nc(C[NH3+])c1[O-],Cc1[nH]nc(CN)c1O
dsgdb9nsd_130537,c1cc2onncc-2n1,N#[N+]C=C1N=CC=C1[O-]
dsgdb9nsd_123118,COCC[NH2+]CC(=O)[O-],COCCNCC(=O)O
dsgdb9nsd_133826,CC12C3N=C4C=C3C1N42,C#CC1N2C#[N+][CH-]C12C
dsgdb9nsd_055199,CC1=[NH+]CC(C(=O)[O-])N1,CC1=NC(C(=O)O)CN1
dsgdb9nsd_133274,CN=c1nnoc(F)n1,CN=C=NC(=O)F.N#N
dsgdb9nsd_093997,O=C[C-]1[NH2+]CC(O)C1=O,O=CC1=C([O-])C(O)C[NH2+]1
dsgdb9nsd_053822,O=C([O-])C(=O)C1C[NH2+]C1,O=C(O)C(=O)C1CNC1
dsgdb9nsd_123100,CC[NH2+]CCCC(=O)[O-],CCNCCCC(=O)O
dsgdb9nsd_054198,CC1(C(=O)[O-])[NH2+]C2CC21,CC1(C(=O)O)NC2CC21
dsgdb9nsd_085959,CC1CC([NH3+])(C(=O)[O-])C1,CC1CC(N)(C(=O)O)C1
dsgdb9nsd_086587,[NH3+]C1C(O)CC1C(=O)[O-],NC1C(O)CC1C(=O)O
dsgdb9nsd_030763,[NH3+]Cc1occ(O)c1[O-],C=C1OC=C(O)C1=O.N
dsgdb9nsd_100285,NC(C[NH3+])(CO)C(=O)[O-],NCC(N)(CO)C(=O)O
dsgdb9nsd_130338,[NH3+][c-]1ccc2nnoc21,[N-]=NC1=CC=C([NH3+])C1=O
dsgdb9nsd_130584,N#Cc1cc(=O)nno1,N#CC(=O)C=C=O.N#N
dsgdb9nsd_054583,O=C([O-])C12[NH2+]C3CC1C32,O=C(O)C12NC3CC1C32
dsgdb9nsd_055193,O=C([O-])C1OC2C[NH2+]C21,O=C(O)C1OC2CNC21
dsgdb9nsd_128142,C#Cc1nnoc1NC,C#CC([N+]#N)=C([O-])NC
dsgdb9nsd_130452,[NH3+]CCc1n[n-]c(O)n1,NCCc1nnc(O)[nH]1
dsgdb9nsd_099694,CC#CC([NH2+]C)C(=O)[O-],CC#CC(NC)C(=O)O
dsgdb9nsd_013806,[NH3+]CC1NC1C(=O)[O-],NCC1NC1C(=O)O
dsgdb9nsd_039187,C1OC2C3NC24C1OC34,C1=COCC2OC=C2N1
dsgdb9nsd_055091,CC12CC1C(C(=O)[O-])[NH2+]2,CC12CC1C(C(=O)O)N2
dsgdb9nsd_010348,C[NH2+]C(CO)C(=O)[O-],CNC(CO)C(=O)O
dsgdb9nsd_022111,NC(=[NH2+])CC(CO)=N[O-],NC1(N)CC(CO)=[N+]1[O-]
dsgdb9nsd_130692,O=C1NCc2onnc21,N#[N+]C1=C([O-])CNC1=O
dsgdb9nsd_060625,CC1OC1C([NH3+])C(=O)[O-],CC1OC1C(N)C(=O)O
dsgdb9nsd_056044,C#CC(N)=[NH+]CC(=O)[O-],C#CC(N)=NCC(=O)O
dsgdb9nsd_060810,CC(C(=O)[O-])N(C)C=[NH2+],CC1C(=O)OC(N)N1C
dsgdb9nsd_061432,CC(=[NH2+])N(C)CC(=O)[O-],CC(=N)N(C)CC(=O)O
dsgdb9nsd_033102,C[NH2+]Cc1coc([O-])n1,CNCc1coc(=O)[nH]1
dsgdb9nsd_054150,CC1([NH3+])CC1(N)C(=O)[O-],CC1(N)CC1(N)C(=O)O
dsgdb9nsd_099807,C#CC(C)(C[NH3+])C(=O)[O-],C#CC(C)(CN)C(=O)O
dsgdb9nsd_061865,CC(CC(=O)[O-])NC=[NH2+],CC(CC(=O)O)N=CN
dsgdb9nsd_117637,CCCC(C)([NH3+])C(=O)[O-],CCCC(C)(N)C(=O)O
dsgdb9nsd_093929,CC1C[NH2+]C(C(=O)[O-])C1,CC1CNC(C(=O)O)C1
dsgdb9nsd_026615,Nc1c([O-])cc[nH]c1=[NH2+],Nc1[nH]ccc(=O)c1N
dsgdb9nsd_055287,CC1([NH3+])COC1C(=O)[O-],CC1(N)COC1C(=O)O
dsgdb9nsd_029213,N=c1[n-]cc(N)c(N)[nH+]1,N=c1ncc(N)c(N)[nH]1
dsgdb9nsd_053686,CC#CC[NH2+]CC(=O)[O-],CC#CCNCC(=O)O
dsgdb9nsd_056280,O=C([O-])C[NH2+]CC1CN1,O=C(O)CNCC1CN1
dsgdb9nsd_017651,[NH3+]C(C(=O)[O-])C1CO1,NC(C(=O)O)C1CO1
dsgdb9nsd_055124,CC12CC1[NH2+]C2C(=O)[O-],CC12CC1NC2C(=O)O
dsgdb9nsd_127858,CN=c1cn[n-]c(N)[nH+]1,CN=c1cnnc(N)[nH]1
dsgdb9nsd_030903,Nc1cc([O-])c(C[NH3+])o1,C=C1OC(N)=CC1=O.N
dsgdb9nsd_055131,[NH3+]C12CC1CC2C(=O)[O-],NC12CC1CC2C(=O)O
dsgdb9nsd_030904,[NH3+]Cc1oc([O-])nc1O,C=C1OC(=O)N=C1O.N
dsgdb9nsd_117523,C[NH2+]CC(C#N)C(=O)[O-],C=CC#N.CN.O=C=O
dsgdb9nsd_123642,C1c2onnc2C2NC12,N#[N+]C1=C([O-])CC2NC12
dsgdb9nsd_066868,OC12C3C=C4CN(C41)C32,C=C1C=CC2(O)C=NC12
dsgdb9nsd_026122,CC([NH3+])c1occc1[O-],CC=C1OC=CC1=O.N
dsgdb9nsd_025818,NC(=[NH2+])c1cnc(O)[n-]1,NC(N)=C1C=NC(O)=N1
dsgdb9nsd_129149,N#Cc1connc1=N,N#CC(=C=N)C=O.N#N
dsgdb9nsd_123593,C1C2CN1c1nnoc12,N#[N+]C1=C([O-])C2CN1C2
dsgdb9nsd_055203,NC1=[NH+]CC(C(=O)[O-])N1,NC1=NC(C(=O)O)CN1
dsgdb9nsd_130377,N=c1[n-]c([NH+]=CN)no1,N=C1N=C(N[CH-]N)N=[O+]1
dsgdb9nsd_006035,CC(N)(C[NH3+])C(=O)[O-],CC(N)(CN)C(=O)O
dsgdb9nsd_108412,COC12C[NH2+]C1[C-]2C=O,COC1(CN)C=C1C=O
dsgdb9nsd_105207,C[NH2+]C1(C(=O)[O-])CC1N,CNC1(C(=O)O)CC1N
dsgdb9nsd_056184,[NH3+]C1(CCC(=O)[O-])CC1,NC1(CCC(=O)O)CC1
dsgdb9nsd_129145,C#Cc1nc(=N)nno1,C#CC(=O)N=C=N.N#N
dsgdb9nsd_129007,c1nc2nc[nH+][n-]c-2n1,c1nc2nc[nH]nc-2n1
dsgdb9nsd_100720,CCC(C)C([NH3+])C(=O)[O-],CCC(C)C(N)C(=O)O
dsgdb9nsd_102131,NC=[NH+]C(CO)C(=O)[O-],NC=[NH+][CH-]CO.O=C=O
dsgdb9nsd_006061,CC(N)=[NH+]CC(=O)[O-],CC(N)=NCC(=O)O
dsgdb9nsd_026154,CC([NH3+])c1ncoc1[O-],CC=C1N=COC1=O.N
dsgdb9nsd_056240,NC(=[NH2+])NCCC(=O)[O-],N=C(N)NCCC(=O)O
dsgdb9nsd_132169,N=c1[nH+]c(N)[n-]cc1F,N=c1[nH]c(N)ncc1F
dsgdb9nsd_039188,C1OC2C3OC24C1NC34,O=C1C2C=COCC1N2
dsgdb9nsd_054071,N#C[C-](OC=N)C(N)=[NH2+],N#CC(OC=N)=C(N)N
dsgdb9nsd_055998,[NH2+]=C1NCC1CC(=O)[O-],N=C1NCC1CC(=O)O
dsgdb9nsd_067720,CC12C=C3CN4C3C1C42,C=C1C=C(C)C2C=NC12
dsgdb9nsd_056344,O=CC[NH2+]CCC(=O)[O-],C=C.NCC=O.O=C=O
dsgdb9nsd_097352,NC=[NH+]CC(=O)[CH-]C=O,NC=NCC(O)=CC=O
dsgdb9nsd_054619,NC(=[NH2+])c1cc(=O)[nH][cH-]1,NC(N)=C1C=[NH+]C([O-])=C1
dsgdb9nsd_129373,NC(=[NH2+])c1[n-]nnc1O,NC(N)=C1N=NN=C1O
dsgdb9nsd_021535,N#Cc1nnoc1N,N#CC([N+]#N)=C(N)[O-]
dsgdb9nsd_006324,CN(C=[NH2+])CC(=O)[O-],CN1CC(=O)OC1N
dsgdb9nsd_079919,NC1=[NH+]C2C(=O)[C-]1C2O,NC1=C2C(=O)C(N1)C2O
dsgdb9nsd_049704,O=C[C-]1C2C[NH2+]C1C2=O,NCC1C(=O)C=C1C=O
dsgdb9nsd_130919,O=Cc1nonnc1=O,N#N.O=C=C(C=O)N=O
dsgdb9nsd_084797,CC1[NH+]=CNC1C(=O)[O-],CC1NC=NC1C(=O)O
dsgdb9nsd_011346,[NH3+]Cc1cc(=O)o[cH-]1,NCC1=COC(=O)C1
dsgdb9nsd_125125,Cc1c(C[NH3+])noc1[O-],Cc1c(CN)[nH]oc1=O
dsgdb9nsd_060432,CC([NH3+])CCCC(=O)[O-],CC(N)CCCC(=O)O
dsgdb9nsd_022090,N#CC(CC(N)=[NH2+])=N[O-],N#CC(CC(=N)N)=[NH+][O-]
dsgdb9nsd_132343,O=c1nc(F)nc(O)o1,O=C=NC(F)=NC(=O)O
dsgdb9nsd_100268,CCC(C)([NH2+]C)C(=O)[O-],CCC(C)(NC)C(=O)O
dsgdb9nsd_062106,[NH2+]=CNCC(O)C(=O)[O-],NC1NCC(O)C(=O)O1
dsgdb9nsd_055962,O=C([O-])CC1C[NH+]=CN1,O=C(O)CC1CNC=N1
dsgdb9nsd_055165,O=C([O-])C1CC2CC2[NH2+]1,O=C(O)C1CC2CC2N1
dsgdb9nsd_025869,[NH2+]=c1[nH]cc(C(=O)[O-])[nH]1,Nc1[nH]cc(C(=O)[O-])[nH+]1
dsgdb9nsd_129577,NC(N)=[NH+]c1ccn[n-]1,N=C(N)Nc1ccn[nH]1
dsgdb9nsd_129860,Nc1cc2nnoc2[nH]1,N#[N+]c1cc(N)[nH]c1[O-]
dsgdb9nsd_102128,CCC([NH+]=CN)C(=O)[O-],CCC1NC(N)OC1=O
dsgdb9nsd_097273,C[NH+]=CN(C)CC(=O)[O-],CNC1OC(=O)CN1C
dsgdb9nsd_055132,[NH3+]C12CC1NC2C(=O)[O-],NC12CC1NC2C(=O)O
dsgdb9nsd_023615,[O-]N=C(C1C[NH2+]1)C1CO1,NCC=C(N=O)C1CO1
dsgdb9nsd_037845,C1N=C2OC3C4OC13C24,O=C1CN=C2OC=CC12
dsgdb9nsd_123108,C[NH2+]CCCCC(=O)[O-],CNCCCCC(=O)O
dsgdb9nsd_094170,CC1C[NH2+]C1(C)C(=O)[O-],CC1CNC1(C)C(=O)O
dsgdb9nsd_123110,C[NH2+]CCOCC(=O)[O-],CNCCOCC(=O)O
dsgdb9nsd_118430,CCCC([NH2+]C)C(=O)[O-],CCCC(NC)C(=O)O
dsgdb9nsd_055350,O=CC1[NH2+]CC1C(=O)[O-],O=C1OC(O)C2NCC12
dsgdb9nsd_127274,Cn1cc([O-])c(C[NH3+])n1,Cn1cc(O)c(CN)n1
dsgdb9nsd_130883,O=Cc1nc(=O)nno1,N#N.O=C=NC(=O)C=O
dsgdb9nsd_126873,CCN=c1nconn1,CCN=C=NC=O.N#N
dsgdb9nsd_029154,N=c1[nH]cc(N)[nH+]c1[O-],N=c1[nH]cc(N)[nH]c1=O
dsgdb9nsd_025860,NC(=[NH2+])c1c[nH]c(=O)[n-]1,NC(N)=C1C=[NH+]C([O-])=N1
dsgdb9nsd_098234,CNC(=[NH2+])C(N)C(=O)[O-],CNC(N)=CN.O=C=O
dsgdb9nsd_026324,CC([NH3+])c1coc([O-])n1,CC(N)c1coc(=O)[nH]1
dsgdb9nsd_056174,CC1(CCC(=O)[O-])C[NH2+]1,CC1(CCC(=O)O)CN1
dsgdb9nsd_054859,O=C([O-])C1C2C[NH2+]CC21,O=C(O)C1C2CNCC21
dsgdb9nsd_062029,CN(C=[NH2+])CCC(=O)[O-],CN([C-]=[NH2+])CCC(=O)O
dsgdb9nsd_093988,CC1[NH2+]C[C-](C=O)C1=O,CC1[NH2+]CC(C=O)=C1[O-]
dsgdb9nsd_071536,N#CC12NC3C1CC32N,N#CC1=[NH+]C2[C-](N)CC12
dsgdb9nsd_129374,NC(=[NH2+])c1cnoc1[O-],NC(N)=C1C=NOC1=O
dsgdb9nsd_076382,CC1C([NH3+])C1(O)C(=O)[O-],CC1C(N)C1(O)C(=O)O
dsgdb9nsd_055372,O=C([O-])C1CCC2[NH2+]C21,O=C(O)C1CCC2NC21
dsgdb9nsd_130476,c1cc2nnocc-2n1,N#[N+]C1=CC=NC1=C[O-]
dsgdb9nsd_127083,CN(C)c1nnoc1N,CN(C)C([N+]#N)=C(N)[O-]
dsgdb9nsd_123270,C1C2CC3C4OC3(C2)C14,O=C1CC2CC=CC1C2
dsgdb9nsd_003899,O=c1nconn1,N#N.O=C=NC=O
dsgdb9nsd_017838,O=C([O-])C1C2C[NH2+]C21,O=C(O)C1C2CNC21
dsgdb9nsd_101794,C[NH2+]C(C)CCC(=O)[O-],CNC(C)CCC(=O)O
dsgdb9nsd_061559,CC([NH2+]C1CC1)C(=O)[O-],CC(NC1CC1)C(=O)O
dsgdb9nsd_112957,[NH3+]CC1CC(C(=O)[O-])O1,NCC(O)CC1OC1=O
dsgdb9nsd_041225,C1OC2C13NC21COC31,C1=C2COC=C(CO1)N2
dsgdb9nsd_055192,O=C([O-])C1NC2C[NH2+]C21,O=C(O)C1NC2CNC21
dsgdb9nsd_037604,C1=C2C3C4CC3(CC1)C24,C1=CCCC2=CC(C=1)C2
dsgdb9nsd_076137,CC1(O)C([NH3+])C1C(=O)[O-],CC1(O)C(N)C1C(=O)O
dsgdb9nsd_054125,[NH3+]C1(C(=O)[O-])C2COC21,NC1(C(=O)O)C2COC21
dsgdb9nsd_049879,[NH2+]=c1oc(=O)o[c-]1C=O,Nc1oc(=O)oc1C=O
dsgdb9nsd_099731,COC(C(N)=[NH2+])C(=O)[O-],COC=C(N)N.O=C=O
dsgdb9nsd_121612,[NH3+]CCOC(=O)C(=O)[O-],NCCOC(=O)C(=O)O
dsgdb9nsd_001102,CC(C)([NH3+])C(=O)[O-],CC(C)(N)C(=O)O
dsgdb9nsd_130447,[NH3+]CCc1nn[nH]c1[O-],NCCc1nn[nH]c1O
dsgdb9nsd_058975,CC([NH3+])c1cc(=O)o[cH-]1,CC(N)C1=COC(=O)C1
dsgdb9nsd_054379,O=C([O-])C12C3CC1C2[NH2+]3,O=C(O)C12C3CC1C2N3
dsgdb9nsd_032827,[NH3+]CCc1ncoc1[O-],NCCc1ncoc1O
dsgdb9nsd_097261,N#C[C-](N=CN)C(N)=[NH2+],N#CC(N=CN)=C(N)N
dsgdb9nsd_129579,NC(N)=[NH+]c1ncn[n-]1,N[C-](N)NC1=NC=[N+]=N1
dsgdb9nsd_017639,CC(C(=O)[O-])C1C[NH2+]1,CC(C(=O)O)C1CN1
dsgdb9nsd_133824,OC12C3=CC4C(=C3)C1C42,OC12C3C4C5C6C4(C31)C562
dsgdb9nsd_123568,C1c2nnoc2N2CC12,N#[N+]C1=C([O-])N2CC2C1
dsgdb9nsd_128933,N#CCNc1cnno1,N#CCNC([O-])=C[N+]#N
dsgdb9nsd_084327,Cn1ccc(=O)[cH-]c1=[NH2+],Cn1ccc(=O)cc1N
dsgdb9nsd_056554,C#CC([NH3+])C(C)C(=O)[O-],C#CC(N)C(C)C(=O)O
dsgdb9nsd_006408,[NH3+]CC(O)CC(=O)[O-],NCC(O)CC(=O)O
dsgdb9nsd_061416,CC(CC(=O)[O-])C(N)=[NH2+],CC(CC(=O)O)C(=N)N
dsgdb9nsd_032464,Nc1occ(C[NH3+])c1[O-],NCc1coc(N)c1O
dsgdb9nsd_056238,NC(=[NH2+])CNCC(=O)[O-],NC(N)=CNCC(=O)O
dsgdb9nsd_060630,CN1CC1C([NH3+])C(=O)[O-],CN1CC1C(N)C(=O)O
dsgdb9nsd_022973,O=CC(=N[O-])C1CC[NH2+]1,NCCC=C(C=O)N=O
dsgdb9nsd_004939,[NH3+]Cc1coc([O-])c1,NCC1=COC(=O)C1
dsgdb9nsd_021732,[NH3+]Cc1nonc1[O-],NCc1nonc1O
dsgdb9nsd_100455,[NH3+]C(C#CC(=O)[O-])CO,NC(C#CC(=O)O)CO
dsgdb9nsd_055947,O=C([O-])C[NH+]1CC2CC21,O=C(O)CN1CC2CC21
dsgdb9nsd_133829,CC12C3C=C4C(O3)C1C42,CC12C3OC4[C]C3C1C42
dsgdb9nsd_129383,NC(=[NH2+])c1nc(O)n[n-]1,NC(N)=C1N=NC(O)=N1
dsgdb9nsd_113159,CC1(C(=O)[O-])NC1C[NH3+],CC1(C(=O)O)NC1CN
dsgdb9nsd_133827,OC12C3C=C4C=C3C1C42,OC1=CC=C2C=C=CC12
dsgdb9nsd_101773,CC(CO)[NH2+]CC(=O)[O-],CC(CO)NCC(=O)O
dsgdb9nsd_013481,[NH2+]=C1NCC1C(=O)[O-],NC1=CCN1.O=C=O
dsgdb9nsd_091531,[NH3+]C1CC2OC12C(=O)[O-],NC1CC2OC12C(=O)O
dsgdb9nsd_100736,C[NH2+]C(C)C(O)C(=O)[O-],CNC(C)C(O)C(=O)O
dsgdb9nsd_133833,OC12C3C=C4C(C3)C1C42,OC12C3CC4[C]C3C1C42
dsgdb9nsd_054620,NC(=[NH2+])c1cc(=O)o[cH-]1,NC(N)=C(C=O)C=C=O
dsgdb9nsd_109753,COC1C([NH3+])C1C(=O)[O-],COC1C(N)C1C(=O)O
dsgdb9nsd_009196,N#CC[N-]C(=O)C[NH3+],N#CCN=C(O)CN
dsgdb9nsd_097562,CC(C#CC[NH3+])C(=O)[O-],CC(C#CCN)C(=O)O
dsgdb9nsd_054082,CC(=O)[C-](C=O)OC=[NH2+],CC1=C(C=O)OC(N)O1
dsgdb9nsd_074202,Cc1cc(=O)[cH-]oc1=[NH2+],Cc1cc([O-])coc1=[NH2+]
dsgdb9nsd_128406,C[NH2+]Cc1oncc1[O-],CNCc1oncc1O
dsgdb9nsd_097574,[NH3+]CC#CC(O)C(=O)[O-],NCC#CC(O)C(=O)O
dsgdb9nsd_007360,CC(CC[NH3+])C(=O)[O-],CC(CCN)C(=O)O
dsgdb9nsd_097364,C[NH+]=CNC(C)C(=O)[O-],CNC=NC(C)C(=O)O
dsgdb9nsd_133397,N=c1nnoc(F)c1F,N#N.N=C=C(F)C(=O)F
dsgdb9nsd_101785,CCC([NH3+])CCC(=O)[O-],CCC(N)CCC(=O)O
dsgdb9nsd_054943,[NH2+]=CN1CC(C(=O)[O-])C1,NC1OC(=O)C2CN1C2
dsgdb9nsd_055312,O=C([O-])C1C[NH2+]C12CC2,O=C(O)C1CNC12CC2
dsgdb9nsd_054904,[NH2+]=C1C=CC(C(=O)[O-])N1,Nc1ccc[nH]1.O=C=O
dsgdb9nsd_082090,[NH3+]C1C2OC2C1C(=O)[O-],NC1C2OC2C1C(=O)O
dsgdb9nsd_022054,CC(C#CC(N)=[NH2+])=N[O-],CC(=C=C=C(N)N)N=O
dsgdb9nsd_054770,[NH3+]C12CN(C1)C2C(=O)[O-],NC12CN(C1)C2C(=O)O
dsgdb9nsd_054264,CC1(C(=O)[O-])CCC[NH2+]1,CC1(C(=O)O)CCCN1
dsgdb9nsd_122776,N#CC(=O)[N-]CCC[NH3+],N#CC(O)=NCCCN
dsgdb9nsd_130684,O=c1[nH]c2onnc2o1,N#[N+]c1oc(=O)[nH]c1[O-]
dsgdb9nsd_013906,CC1C([NH3+])C1C(=O)[O-],CC1C(N)C1C(=O)O
dsgdb9nsd_129022,c1nc2cn[nH+][n-]c-2n1,c1nc2cn[nH]nc-2n1
dsgdb9nsd_102149,C#CCC([NH2+]C)C(=O)[O-],C#CCC(NC)C(=O)O
dsgdb9nsd_057221,NC(C(=O)[O-])C1([NH3+])CC1,NC(C(=O)O)C1(N)CC1
dsgdb9nsd_007419,NC(=[NH2+])C(N)C(=O)[O-],NC=C(N)N.O=C=O
dsgdb9nsd_005557,[NH3+]Cc1occc1[O-],C=C1OC=CC1=O.N
dsgdb9nsd_021703,NC=[NH+]c1cnn[n-]1,N[CH-]NC1=CN=[N+]=N1
dsgdb9nsd_118447,CNCC([NH2+]C)C(=O)[O-],CNCC(NC)C(=O)O
dsgdb9nsd_080588,CC1C2[NH2+]C(C(=O)[O-])C12,CC1C2NC(C(=O)O)C12
dsgdb9nsd_033145,[NH3+]CCc1cocc1[O-],NCCc1cocc1O
dsgdb9nsd_129100,N=c1cnonnc1=O,N#N.N=C1C=NOC1=O
dsgdb9nsd_032275,[NH3+]Cc1ncncc1[O-],NCc1ncncc1O
dsgdb9nsd_058283,CC([NH3+])C(O)CC(=O)[O-],CC(N)C(O)CC(=O)O
dsgdb9nsd_013865,O=C([O-])C1CCC[NH2+]1,O=C(O)C1CCCN1
dsgdb9nsd_027365,Cc1nc(=N)[nH+]c(N)[n-]1,Cc1nc(N)[nH]c(=N)n1
dsgdb9nsd_129147,N=c1nnoc(C=O)n1,N#N.N=C=NC(=O)C=O
dsgdb9nsd_050309,O=C[C-]1[NH2+]C2CC2C1=O,O=CC1=C([O-])C2CC2[NH2+]1
dsgdb9nsd_099726,CNC(C(N)=[NH2+])C(=O)[O-],CNC=C(N)N.O=C=O
dsgdb9nsd_041222,C1OC23CC4(COC42)C13,C=CC12COC1C(=O)C2
dsgdb9nsd_097367,NC=[NH+]CC(N)C(=O)[O-],NC=NCC(N)C(=O)O
dsgdb9nsd_006330,C[NH+]=C(N)CC(=O)[O-],C=C(N)NC.O=C=O
dsgdb9nsd_054539,O=C([O-])C12C[NH2+]CC1N2,O=C(O)C12CNCC1N2
dsgdb9nsd_118175,CC(CC[NH3+])CC(=O)[O-],CC(CCN)CC(=O)O
dsgdb9nsd_128407,C[NH2+]Cc1onnc1[O-],C=C1ON=NC1=O.CN
dsgdb9nsd_109738,CCC1C([NH3+])C1C(=O)[O-],CCC1C(N)C1C(=O)O
dsgdb9nsd_133860,OC1C2C3C4=CCC13C42,OC1C2C3C4=CCC12C43
dsgdb9nsd_127324,Cn1ccc2nnoc21,Cn1ccc([N+]#N)c1[O-]
dsgdb9nsd_097291,NC=[NH+]C1(C(=O)[O-])CC1,NC1NC2(CC2)C(=O)O1
dsgdb9nsd_121884,CC[NH2+]CC(O)C(=O)[O-],CCNCC(O)C(=O)O
dsgdb9nsd_096637,C[NH+]=C(N)C(C)C(=O)[O-],CC=C(N)NC.O=C=O
dsgdb9nsd_126360,CCc1nc(=O)nno1,CCC(=O)N=C=O.N#N
dsgdb9nsd_133812,C1=C2C3C4CC3(C1)C24,C1=C2C3C4CC4(C1)C23
dsgdb9nsd_061572,[NH3+]C(CC1CC1)C(=O)[O-],NC(CC1CC1)C(=O)O
dsgdb9nsd_058087,CC(C)C(C)([NH3+])C(=O)[O-],CC(C)C(C)(N)C(=O)O
dsgdb9nsd_031013,Cc1nc(C[NH3+])c([O-])o1,C=C1N=C(C)OC1=O.N
dsgdb9nsd_036997,C1=C2C3C4C1C4N1C2C31,C1=CC2C=NC3C=C1C23
dsgdb9nsd_025830,Nc1[nH]c(C(=O)[O-])c[nH+]1,Nc1[nH]cc(C(=O)[O-])[nH+]1
dsgdb9nsd_021730,[NH3+]Cc1nocc1[O-],NCc1nocc1O
dsgdb9nsd_053943,CC([NH3+])(C(N)=O)C(=O)[O-],CC([NH3+])=C(N)[O-].O=C=O
dsgdb9nsd_054931,C#CC1CC(C(=O)[O-])[NH2+]1,C#CC1CC(C(=O)O)N1
dsgdb9nsd_056108,N#CC(=O)[N-]CC(N)=[NH2+],N#CC1=NCC(N)(N)O1
dsgdb9nsd_027323,Nc1cc(=[NH2+])c([O-])co1,Nc1cc(N)c([O-])c[o+]1
dsgdb9nsd_129156,N=c1nnoncc1=O,N#[N+]C(=N)C([O-])=CN=O
dsgdb9nsd_094167,CC1CCC1([NH3+])C(=O)[O-],CC1CCC1(N)C(=O)O
dsgdb9nsd_130666,C#Cc1connc1=O,C#CC(=C=O)C=O.N#N
dsgdb9nsd_059967,CC([NH3+])CC(C)C(=O)[O-],CC(N)CC(C)C(=O)O
dsgdb9nsd_006037,CC(O)(C[NH3+])C(=O)[O-],CC(O)(CN)C(=O)O
dsgdb9nsd_031007,Cc1cc(C[NH3+])c([O-])o1,Cc1cc(CN)c(O)o1
dsgdb9nsd_027336,N=c1[nH+]c(N)[nH]cc1[O-],N=c1[nH]c(N)[nH+]cc1[O-]
dsgdb9nsd_027389,N=c1cc([O-])[nH]c(N)[nH+]1,N=c1cc([O-])[nH+]c(N)[nH]1
dsgdb9nsd_101765,CC(C[NH3+])OCC(=O)[O-],CC(CN)OCC(=O)O
dsgdb9nsd_129578,NC(N)=[NH+]c1cnn[n-]1,N[C-](N)NC1=CN=[N+]=N1
dsgdb9nsd_124710,CC(N)=[NH+]c1ccn[n-]1,C[C-](N)NC1=CC=[N+]=N1
dsgdb9nsd_117633,CC(O)(CC[NH3+])C(=O)[O-],CC(O)(CCN)C(=O)O
dsgdb9nsd_123630,C1C2NC1c1onnc12,N#[N+]C1=C([O-])C2CC1N2
dsgdb9nsd_021870,N=c1nnoc(O)n1,N#N.N=C=NC(=O)O
dsgdb9nsd_126008,CC1CNc2onnc21,CC1CNC([O-])=C1[N+]#N
dsgdb9nsd_003838,N=c1nconn1,N#N.N=C=NC=O
dsgdb9nsd_112990,C[NH2+]C1C[C-](C=O)C1=O,C[NH2+]C1CC(C=O)=C1[O-]
dsgdb9nsd_080598,O=C([O-])C1[NH2+]C2C(O)C12,O=C(O)C1NC2C(O)C12
dsgdb9nsd_055480,O=C([O-])C1COCC[NH2+]1,O=C(O)C1COCCN1
dsgdb9nsd_022543,C#CC([NH2+]C)C(C)=N[O-],C#CC=C(C)N=O.CN
dsgdb9nsd_054834,CC12C[NH2+]C1C2C(=O)[O-],CC12CNC1C2C(=O)O
dsgdb9nsd_130388,NC(C[NH3+])c1nn[n-]n1,NCC([NH3+])c1nnn[n-]1
dsgdb9nsd_082088,[NH3+]C1C2CN2C1C(=O)[O-],NC1C2CN2C1C(=O)O
dsgdb9nsd_020692,Cc1nc(=O)nno1,CC(=O)N=C=O.N#N
dsgdb9nsd_013515,CC1C[NH2+]C1C(=O)[O-],CC1CNC1C(=O)O
dsgdb9nsd_074137,[NH3+]c1cc(=O)[nH]c(=O)[cH-]1,[NH3+]c1cc([O-])[nH]c(=O)c1
dsgdb9nsd_125100,Cc1nn[n-]c1[NH+]=CN,Cc1[n-]nnc1NC=[NH2+]
dsgdb9nsd_027294,Cc1cc(=[NH2+])c([O-])co1,Cc1cc(N)c([O-])c[o+]1
dsgdb9nsd_022979,[O-]N=C(CO)C1CC[NH2+]1,NCCC=C(CO)N=O
dsgdb9nsd_038080,C1=CC2C3CC24C1CN34,C1=CCC2=NCC2C=C1
dsgdb9nsd_007649,CC1CC(C(=O)[O-])[NH2+]1,CC1CC(C(=O)O)N1
dsgdb9nsd_117513,C#CC([NH2+]CC)C(=O)[O-],C#CC(NCC)C(=O)O
dsgdb9nsd_054874,O=C([O-])C1[NH+]=CN2CC12,C1=CNC=NC1.O=C=O
dsgdb9nsd_007316,CC([NH+]=CN)C(=O)[O-],CC(N=CN)C(=O)O
dsgdb9nsd_132341,N=c1nc(O)nc(F)o1,[NH+]#CN=C(O)N=C([O-])F
dsgdb9nsd_038082,C1=CC2N3CC24C1CC34,C=C1C2C=CC=NC1C2
dsgdb9nsd_054322,O=C([O-])C1(C2C[NH2+]2)CC1,O=C(O)C1(C2CN2)CC1
dsgdb9nsd_029069,[NH2+]=c1ccnccc1[O-],Nc1ccnccc1=O
dsgdb9nsd_133337,N=c1nnoc(F)c1N,N#[N+]C(=N)C(N)=C([O-])F
dsgdb9nsd_030546,N=c1[n-]cc([NH+]=CN)o1,N=C1N=CC(N[CH-]N)=[O+]1
